id,dutch_text,label,text
116725,Ja k denk dat wij wel eerder klaar zijn. Was zondag ook,0,"Yeah, I think we'll be done sooner."
116726,Ik heb trouwens ook een samenvatting van dat boekje,0,"By the way, I also have a summary of that booklet."
116727,Ik kom speciaal voor jou supetvroeg naar het oosten!,1,I'm coming east early just for you!
116728,"Maar zelfs als ik kan blijven slapen, dan moet ik de volgende dag toch de trein om zeven uur hebben omdat ik moet werken Óêë",1,"But even if I can stay the night, then the next day I have to have the train at seven o'clock because I have to work."
116729,Ligt eraan wanneer je m nodig hebt,0,Depends when you need m
116730,Wilde plannen dit weekend?,0,Wanted plans this weekend?
116731,Lol heb al [REMOVED] maanden niet gestofzuigd,0,Haven't vacuumed fun for months.
116732,Op de offici√´le site (tenminste dat denk ik dat het is) staat eigenlijk op de meeste dagen beperkt beschikbaar.,0,On the official site (at least I think it is) is actually on most days limited available.
116733,Tot morgenavond he (:,1,See you tomorrow evening (:
116734,Waar ben je dan,0,Where are you?
116735,"Zet [REMOVED] februari vast in je agenda, waarschijnlijk vier ik het dan",1,"Capture [REMOVED] February in your calendar, probably I'll celebrate"
116736,Je kunt natuurlijk ook twee edities met elkaar vergelijken!,0,Of course you can also compare two editions!
116737,[REMOVED] ja maar er zijn alleen maae zitplaatsen dus nee,0,"[REMOVED] Yes, but there are only maae seats so no"
116738,He gurl ik kom toch niet eten vanavond denk ik sorry,1,Hey gurl I'm not coming to dinner tonight I guess I'm sorry
116739,"Haha ja die heb ik allemaal nu ingeleverd, heb alleen woensdag nog een tentamen en dan ga ik vanaf maandag aan mijn bachelorwerkstuk beginnen waaah...!",0,"Haha yes I've turned them all in now, only have a test on Wednesday and then from Monday I'm going to start my bachelor piece waaah...!"
116740,Maarre hoe laat is laat eten dan? :p,1,But what time is late food then?
116741,Is goed stuur ma gewoon naar hen!,0,Is okay just send mom to them!
116742,Nou ja we moeten vanavond maar even een beetje agenda's naast elkaar leggen zodat we een beetje weten hoe en wat van elkaar,0,"Well, we're just gonna have to put a little agendas next to each other tonight so we know a little bit about how and what of each other."
116743,Weet niet waar zij werkte,0,Don't know where she worked
116744,Cool! Ik zeg dat we erbij zijn (scoren we hopelijk meteen punten voor de dag erna),1,Cool! I say we're there (hopefully we score points for the day after)
116745,Waarom ga je niet naar de dromennacht??üò≠üò≠,0,Why don't you go to the dream night??
116746,Zal morgen even kijken,0,Will have a look tomorrow
116747,Ik zit dit weekend enorm in de stress over een nota en een tentamen dus nee :(,0,"I'm in a lot of stress over a note and an exam this weekend, so no:("
116748,"Hey [REMOVED]. Waar hadden jullie die eerste tv gehaald, voordat ie werd omgeruild?",0,Hey [REMOVED]. Where did you guys get that first TV before it was switched?
116749,Hoelaat vliegen we,0,What time do we fly
116750,Ik had je vraag over chips nog niet gezien :p,0,I hadn't seen your question about chips yet:p
116751,Je kan toch zien als je bericht aankomt dat je dus internet hebt üòú,0,You can see when your message arrives that you have internet
116752,Ja:S . Had ze het belooft dan of vroeg je het net?,0,Yes:S. Did she promise or did you just ask?
116753,Duurt ook nog wel eventjes,0,It's gonna take a while.
116754,"Heb ik ook niet, maar zal toch die kant op moeten komen hea. Moet morgen zeven uur beginnen",0,"I don't, but I'm gonna have to come that way anyway."
116755,"Het is hier best prima weer enzo, mam en pap vragen af en toe (lees: meerdere keren per dag) of ik nog iets van je gehoord heb enzo ;p hoe is t bij jou? Doe je foto's idd maar gewoon whappen, kunnen vattie und muttie ook meegenieten via mn telefoon heujj! ;p haha, wat ga je vandaag allemaal doen? Weer al beter dan maandag? Veel plezier nog! Xxxx",0,"It's quite fine weather and so on, Mom and Dad ask occasionally (read: several times a day) if I've heard from you and so on ;p how is it with you? Do your photos just whappen, can vattie und muttie also take part on my phone heujj! ;p haha, what are you going to do today? Again better than Monday? Enjoy! Xxxx"
116756,Vroeg me af wat jouw plannen voor vanavond zijn,0,Wondering what your plans are for tonight.
116757,Of iig een aantal dagen! ÓÅó,0,Or a few days!
116758,Sjannieeee! Gaan wij vrijdag nou afspreken? :),1,Sjannieee! Are we going to meet Friday?:)
116759,Zullen we morgen minecrfren,0,We'll minerrf tomorrow.
116760,We hadden toch vanavond afgesproken?,1,I thought we were supposed to meet tonight.
116761,Oh ja tuurlijk,0,"Oh, yeah, sure."
116762,Loodgieterman is er woensdag om [REMOVED],0,Plumberman is on Wednesday at [REMOVED]
116763,Vandaag moest ik mee naar een klant,0,Today I had to come to a customer with me
116764,Maar ik zou ook het totaal aantal waarnemingen neerzetten bij n denk ik,0,But I would also put the total number of observations at n I think
116765,En daarna bleef hij praten,0,And then he kept talking.
116766,zes uur werk,0,six hours of work
116767,Hoe laat,0,What time
116769,"Nope ben al thuis, zou je de reader misschien woensdag mee kunnen nemen als we in [REMOVED] moeten zijn?",1,"Nope's already home, could you take the reader with you on Wednesday if we're supposed to be in [REMOVED]?"
116770,Ooh tuurlijk [REMOVED],0,Ooh of course [REMOVED]
116771," Heb een frituurpan gekregen,  gaan zo frituren :) ",0,"Got a frying pan, go frying like this:)"
116772, Uhmm nu laatste pakket afgeven en dan nog.terug ,1,Uhmm now drop off last package and then back.
116773, Waarom wist je dan nie wa we moesten leren ,0,Then why didn't you know we had to learn?
116774,heb er vandaag ook echt tyfuszin in lol,0,Have real typhoid fun today
116775,Komende zaterdag wil je weer dat ik kom? vier uur gaat niet lukken. Smiddags kan ik wel en anders zondag,1,Next Saturday you want me to come again? Four o'clock isn't gonna work. I can do it in the afternoon and otherwise Sunday
116776,Strand?,0,Beach?
116777,Want misschien heb ik hem dan in de bioscoop gezien...,0,'Cause maybe I've seen him at the movies...
116778,"Haha, was het misschien ook wel :p maar het was leuk om te zien!",0,"Haha, it might have been:p but it was nice to see!"
116779, En dan twee uur samenvatten ,0,And then sum it up for two hours.
116780,Mijn telefoon had gister alle fotos op deze na verwijderd (en wapp fotos gelukkig ook niet) maar dus dacht ik stuur ik ze gelijk kunnen jullie ook meegenieten,0,My phone had deleted all the photos yesterday after this (and wapp photos fortunately neither) but so I thought I'd send them right away you can also enjoy
116781,Viel te proberen... Moet nog [REMOVED] kaartjes zien kwijt te raken :p,0,Failed to try... Must still [REMOVED] lose tickets:p
116782,Maandag heb ik loon,0,Monday I've got a paycheck.
116783, Ja anderhalf uur gepraat ,0,"Yeah, an hour and a half talk."
116784, Jaa dan weer lekker samen slapen üòäüòä ,0,"Yeah, well, then sleep together again."
116785,Lijkt me prima tijd ;) waar meeten we? Bij jou?,1,Seems like a good time;) where do we measure? With you?
116786,"Hee [REMOVED], ik hoor niet echt iets van m'n bestuursgenootjes dus misschien weet jij er iets over... Hoe staat het met de voorbereidingen voor het kamp?",0,"Hey [REMOVED], I don't really hear anything from my boardmates so maybe you know something about it... What about the preparations for the camp?"
116787,Mijn moeder is jarig dus heb de hele dag geen tijd gehad,0,"It's my mom's birthday, so I haven't had all day."
116788,Alleen deze week hamster week,0,Only this week hamster week
116789,*vroeg,0,*early
116790,Ja ik had het gezien. Het staat er al een tijdje op.,0,"Yeah, I saw it, it's been on for a while."
116791,"Ik had vandaag dus die afspraak bij het medewerkersplein. Dus nu heb ik een pasje en een acount enzo, maar nu kan ik nog niet in epic, dus ik kan nog steeds niet met het onderzoek beginnen üòï",0,"So I had that meeting today at the employee's square, so now I have a pass and an account and stuff, but now I can't get into epic, so I still can't start the investigation."
116792,Wanneer krijg je nou je nieuwe telefoon,0,When are you gonna get your new phone?
116793, Morgen niet??? ,0,Not tomorrow??
116794, Hoelaat ben je thuis? ,0,What time are you home?
116795, Heb je wel een babyphone staan bij je kwartel üò≥? ,0,Do you even have a baby phone on your quail?
116796,Laat maar :p,0,Forget it:p
116797,V neemt morgen trouwens dr vriendje mee naar [REMOVED] Potter,1,"By the way, V is taking her boyfriend to [REMOVED] Potter tomorrow."
116798,Oke dan denken we aan elkaar morgen haha,0,Okay then we'll think of each other tomorrow haha
116799,"Hee [REMOVED], [REMOVED] en ik hebben voor jou een folder van taalwetenschap (met alle mogelijke minoren daarin) en een folder van journalistiek. [REMOVED] neemt ze maandag voor je mee!",1,"Hey [REMOVED], [REMOVED] and I have a brochure of linguistics for you (with all possible minors in it) and a leaflet of journalism. [REMOVED] will bring them for you on Monday!"
116800, Uhhm laat ik zo ff weten. Weet het niet precies ,0,Uhhm I'll let you know. Don't know exactly.
116801, Vond je het vervelend over wat ik gisteren vroeg? ,0,Did it bother you about what I asked you yesterday?
116802,Zullen we dan in [REMOVED] afspreken?,1,Shall we meet in [REMOVED] then?
116803,Hee [REMOVED]! Is om kwart voor negen vnv weer h√®,1,Hey [REMOVED]! Is at quarter to nine vnv again eh
116804,'Laatste lesdag [REMOVED] [REMOVED]' bekijken op [REMOVED] - [website],0,See 'Last Lesson Day [REMOVED] [REMOVED]' on [REMOVED] - [website]
116805,"O nee dat staat bij het tweede uur, [REMOVED]...",0,"Oh, no, that's the second hour, [REMOVED]..."
116806,Ik neem die artikelen maandag wel mee,0,I'll take those articles with me Monday.
116807, #dronkenopzaterdag #arbeider ,0,# Drinking on Saturday #Worker
116808,Is altijd aanpoten maar we weten waar we het voor doen!,0,"It's always a bitch, but we know what we're doing it for!"
116809,Maar omdat hij zei dat het zon grote opdracht was en we daarom volgende week geen college hebben vod ik het gel,0,But because he said the sun was big assignment and that's why we don't have a college next week I'm gonna rag the gel
116810,Waar ben jij?,0,Where are you?
116811,Het is ju [REMOVED] ([REMOVED] bij jullie) en dit bericht wordt gewoon verstuurd als ik wifi heb :),0,It's ju [REMOVED] ([REMOVED] with you) and this message is just sent when I have Wi-Fi:)
116812, Stuurt marius ,0,Sends Marius
116813,Hoelaat zijn jullie opgestapt?,0,What time did you guys leave?
116814,Dat eet ik wel donderdag dan want had nog niks gekocht,0,I'll eat that Thursday because I hadn't bought anything.
116815,woensdag [REMOVED] voorhuys?,1,Wednesday [REMOVED] forhuys?
116816,Waarvoor is dat?,0,What's that for?
116817,"Ben niet gaan zwemmen trouwens, was veel te moe.. Maar toen was het te laat om je nog te bellen",0,"I didn't go swimming, by the way, was too tired... but then it was too late to call you."
116818,Ja kwart voor een,0,"Yeah, quarter to one."
116819,Hou jij dat vol op je krukken? Of zal ik beter morgen kijken als ik je heb weggebracht?,1,"Do you think you can hold on to your crutches, or should I look better tomorrow after I've taken you away?"
116820,"Nee maar even serieus, hoe laat komen jullie nu?",1,"No, seriously, what time are you coming over?"
116821, Hoe laat maak jij t? ,0,What time do you make it?
116822,Prima! Heb je voldoende kunnen doen vandaag?,0,Have you been able to do enough today?
116823,Maar je hebt op vrijdagen niks daar?,0,But you don't have anything there on Fridays?
116824,"Maar niet zeggen dat dat plekje speciaal voor hem is, dan gaat 'ie waarschijnlijk overal behalve daar liggen",0,"But don't tell him that place is special to him, and he'll probably be lying anywhere but there."
116825,Hoe laat ben jij er?,1,What time will you be here?
116826,Waar en hoe laat? :p,0,Where and what time?
116827,We moeten snel ff sushi gaan eten samen!!!,1,We should have sushi together soon!!!
116828,Hoe laat is iets later?,0,What time's a little late?
116829,Waar ben je dan,0,Where are you?
116830, Iets eerder al ,1,A little earlier.
116831,Jij hebt morgen toch [REMOVED] engels,0,You'll have [REMOVED] English tomorrow.
116832,Ja neem de trein van kwart over,1,"Yeah, take the quarter train."
116833,Gister de hele dag zeiken,0,Yesterday all day pissing
116834, Kut kabouter avond ,0,Fucking leprechaun night.
116835,Ligt er aan hoe laat we bij shabu shabu terecht kunnen,1,Depends on what time we can get to shabu shabu
116836,En ik denk dat ik wel ga vanavond ben dr alleen rond half twee ,1,And I think I'll be going tonight. Dr. alone around 1:30.
116837, [REMOVED] heeft gisteren waarschijnlijk iets in haar drankje gehad ,0,[REMOVED] Probably had something in her drink yesterday.
116838,Tot hoelaat zijn jullie er? Zijn jullie er nog?,1,What time are you guys gonna be here?
116839,"[REMOVED] heeft de nacht goed doorstaan en zijn ogen gingen op commando open en dicht (maar daarna eerst niet meer terug open). Hij heeft ons wel echt aangekeken daarnet en voor ons gevoel herkende hij ons ook echt. Het lijkt alsof hij wil reageren op al die prikkels maar de inspanning kost hem veel moeite en met die buis kan hij natuurlijk ook nog niet praten. We laten hem nu weer even rusten, maar gaan zo nog naar hem toe. Vandaag krijgt hij voldoende bezoek, een collega van hem komt vanavond ook. Wij zijn echt dolgelukkig maar vinden het nog moeilijk wat we tegen hem moeten zeggen, want het is voor zo'n verder gezonde man natuurlijk erg moeilijk om gezond naar bed te gaan en hier zo wakker te worden.",0,"[REMOVED] went through the night well and his eyes were open and closed on command (but then not open again). He really looked at us just now and for our feeling he recognized us. It seems as if he wants to respond to all those stimuli but the effort takes him a lot of effort and of course he can't talk with that tube either. We let him rest now, but so go to him. Today he gets enough visitation, a colleague of his also comes tonight. We are really happy but find it hard to say to him, because it is of course very difficult for such a otherwise healthy man to go to bed and wake up here."
116840,"Hoi jonathan. Ik heb een andere afspraak van kwart over drie tot kwart over drie en dan kan ik gelijk naar jou toe komen. Dus dan ben ik er ergens tussen half drie en kwart voor drie, ok?",1,"I have another 3:45 a.m. to 3:45 a.m. and then I can come straight to you, so I'll be there somewhere between 2:30 a.m. and 3:45 a.m., okay?"
116841,Hoe laat ben je uit vandaag?,0,What time are you out today?
116842,Doe ik morgenvroeg pas,0,I don't do till tomorrow morning.
116843,Vanavond....,0,Tonight...
116844,Ja is goed;) het handigste is een keer op een vrijdag,1,Yes is good;) the most convenient is once on a Friday
116845, Heb jij toevallig al m'n sleutels meegenomen? Kon m'n sleutels vanochtend niet vinden ,0,Did you happen to bring all my keys?
116846,Kan ik fleur morgen naar het werk brengen om zes uur?,1,Can I get fleur to work tomorrow at 6:00?
116847,Waarom ben je niet hier? ÓêÅÓêÅ,0,Why aren't you here?
116848,Nou ja heb deze twee weken tentamen dus volgende week ook nog druk en moet onderzoeksvoorstel voor bachelorwerkstuk inleveren dus das Superrr spannend Mja ... We'll see,0,"Well, I have this two weeks exam so next week also busy and has to submit research proposal for Bachelor's piece so that's Superrr exciting Mja... We'll see"
116849,Ja had ik ook al gezien,0,"Yeah, I'd seen that, too."
116850,Morgen pas echt colleges,0,Tomorrow's really gonna be classes.
116851,Zie jullie donderdag,1,See you Thursday.
116852,Heb je il capitale humano trouwens al gezien?,0,"By the way, have you seen il capitale humano?"
116853, Wat doe jij vanavond ,0,What are you doing tonight?
116854,*week,0,===============================================================================================================================*==============================================================================================================================================================================================================================================================================================================================================================================================
116855,Moet ik wel even kijken hoelaat die rijdt,0,I'm gonna have to see what time it's driving.
116856,"Hey [REMOVED], is er een beetje parkeerplek in de buurt van jouw huis? Ik kom misschien met de auto",0,"Hey [REMOVED], is there a little parking space near your house? I might come by car"
116857, Tuurlijk lief. ,0,"Sure, sweet."
116858,Wat doe jij vandaag?,0,What are you doing today?
116859, Ben heel druk vandaag ,0,I'm really busy today.
116860," Wil wel, maar moet doorstuderen en daarna [REMOVED] naar huis brengen ",0,"Wants to, but needs to study and then bring [REMOVED] home"
116861,Nee hopelijk ben ik eerder haha,0,No. Hopefully I'll be more like haha.
116862,"NoooÓêÉ, ze liggen hier niet meer, wat erg!als ik ze nog vindt laat ik het weten, maAR IK VREES het ergsteÓÑà",0,"Noooh, they're not here anymore, I'm sorry!If I still find them, I'll let you know, but I'll have the worst of them."
116863,Laat je weten of die saus lekker os?,0,You gonna let me know if that sauce is good ox?
116864,Waar is die kuttelefoon van je?,0,Where's that fucking phone of yours?
116865,"Hee [REMOVED],Hebben jij en [REMOVED] zin om morgenavond spelletjes te spelen met mij, [REMOVED], [REMOVED] en [REMOVED]? :)Xx",1,"Hey [removed], do you and [removed] feel like playing games with me tomorrow night, [removed], [removed] and [removed]?"
116866,Gisteravond,0,Last night.
116867,Nee ik ga na de tijd avondeten,0,"No, I'm gonna have dinner after time."
116868,Nee ik stuur ze,0,"No, I'll send them."
116869,"Hee , kan ik morgen bij jou mee-eten?",1,"Hey, can I join you for dinner tomorrow?"
116870,Nou datumplanner is verstuurd hah,1,Well date planner has been sent hah
116871, Straks ,0,Later.
116872,.*    * .    . *    *.*          *          * * .    üåπ       .*    * .          .*         * . *Stuur dit hartje naar alle mensen die je een warm hart toedraagt in [REMOVED]. Je gaat vanavond goed nieuws krijgen als je [REMOVED] hartjes terug krijgt! üòò‚ù§‚ù§‚ù§,0,* * * * * * * * *... * * *.. * * * * * * Send this heart to all the people you love in [REMOVED]. You're going to get good news tonight when you get [REMOVED] hearts back!
116873,Zou morgenaaf kunnen,1,Could be tomorrow.
116874,"Week van [REMOVED] oktober dus. Nou maandag kan ik de hele dag. Op dinsdag niet (van kwart voor tien tot half vier college), op woensdag heb ik van kwart voor een tot half zes: kan dus van half elf tot kwart over twaalf. Op donderdag vanaf elf uur (maar dan werk ik dus 's middags bij het ssgn normaal gesproken) en op vrijdag kan ik tot kwart over twee.",1,"Week of [REMOVED] October so. Well Monday I can spend all day. On Tuesdays (from quarter to ten to half past four lectures), on Wednesdays I have from quarter to half past six: can therefore from half past eleven to a quarter past twelve. On Thursdays from eleven o'clock (but then I normally work at the ssgn in the afternoon) and on Fridays I can until a quarter after two."
116875,En wanneer ga jij nou op vakantie [REMOVED]?,0,And when are you going on holiday [REMOVED]?
116876,"Ik dacht eerder aan een uur of [REMOVED], [REMOVED]",1,"I was thinking earlier about an hour or [REMOVED], [REMOVED]"
116877,"Haha ja doe maar :) we kunnen ook gewoon een uurtje ergens wat gaan drinken, maakt me niet uit ;)",1,"Haha yes do:) we can also go for a drink somewhere for an hour, I don't care;)"
116878,Nee achja we zien t wel,0,"No, we'll see."
116879,Kun je me vertellen wat ik moet doen straks voor KKW?,0,Can you tell me what to do for KKW later?
116880,hoe laat ben je. Hier,0,What time are you?
116881,"[REMOVED], [REMOVED], [REMOVED] en vijf uur",0,"[REMOVED], [REMOVED], [REMOVED] and five hours"
116882,Reageer ff op m'n laatste swhatt's app;),0,Reply ff to my last swhatt's app;)
116883,Hoe laat spreken we af en waar? Van tevoren nog even bij iemand zitten? (ik heb nog van dat blue cura√ßao spul dat op mag),1,What time do we meet and where? Have a seat with someone in advance? (I still have that blue curacao stuff on)
116884,En je laat die [REMOVED] vrienden nu niet in de steek als je met ons komt wonen?,0,And you're not gonna abandon those [REMOVED] friends if you come to live with us?
116885,Ik moet uitkijken dat ik niet ga foeteren tijdens de vergadering,0,I have to be careful not to fetch during the meeting.
116886,En de maandag de [REMOVED] 's avonds? (overdag ben ik bij de Dela trophy in Den Bosch),1,And on Monday the [REMOVED] evening? (During the day I'm at the Dela Trophy in Den Bosch)
116887, Donderdag gaan we heel lang geile seks hebben üòò ,1,Thursday we're gonna have sex horny for a long time
116888,Was donderdag dat jij en marjolein en ik rik willem.en gemma en moow naar ah gingen en toen zat ik zo bij gemma en zij helemaal zo van ik vraag me echt af wat dat vriendje van marjolein zou denken want ze is de hele tijd met mark enzo hahahah,1,Was Thursday that you and marjoram and I rik wilm.and gemma and moow went to ah and then I sat so by Gemma and she all so I wonder what that marjoram boyfriend would think because she's been with mark and so hahahah
116889,Vandaag naar het staatskindertehuis geweest...Vind-document in mogen zien...Niet heel cool als je adoptieverhaal iets anders is als je altijd hebt gedacht Óêì,0,Been to the state school home today...Find-document in...Not very cool if your adoption story is something else if you've always thought...
116890,"Heb een leuke tekst voor jou... Lees maar Eens zien of dit werkt. Lieve god het meisje dat dit leest is mooi, klassevol, sterk, prachtig karakter, betrouwbaar en lief.Help haar leven tot het einde en bescherm haar wanneer ze het meest nodig heeft en laat haar weten dat als ze met jou loopt dat ze altijd veilig zal zijn.Nu begint de tijd te tikken.Over negen minuten zal jou iets opvrolijken maar jij moet tegen negen dames hetzelfde zeggen met mij inclusief xxxx gewoon doen het kan zeker geen kwaad!!! xxx je bent mooi!en super lief sgatjee xx morgen zullen twee jongens zeggen; mag ik je nummer? of heb je een vriendje? verzend dit bericht naar [REMOVED] meisjes of ongeluk start voor een heel jaar. dit is niet nep. waarschijnlijk als je dit bericht kopieÔøΩrt en dit verstuurt zal je morgen de beste dag van je leven hebben. je zal ook gekust worden of uitgevraagd worden, als je deze ketting verbreekt zal je een dood meisje vanavond in je kamer zien. in [REMOVED] minuten zal iemand zeggen dat die van je houdt, het spijt me of ik wil met je uitgaan, je tijd begint nu..?‚ù§‚ù§",0,"Do you have a nice text for you... Read it See if this works. Dear God the girl who reads this is beautiful, classy, strong, beautiful character, reliable and sweet.Help her life until the end and protect her when she needs it most and let her know that if she walks with you she will always be safe.Now the time starts ticking.In nine minutes something will cheer you up but you must say the same to nine ladies with me including xxxx just do it can certainly not hurt!!!! xxx you are beautiful!and super sweet sgatje xx tomorrow will say two boys; can I have your number? or do you have a boyfriend? send this message to [REMOVED] girls or unlucky start for a whole year.This is not fake. this posture."
116891,Dus eerst [REMOVED] B dan tussenuur endab [REMOVED]?,0,So first [REMOVED] B then interval endab [REMOVED]?
116892,"Ik heb morgenavond vrij, ga ik eens zoeken",0,"I've got tomorrow night off, I'm gonna go look for it."
116893,"Hahahaha, wat willen we sowieso niet zien? Mss gaat dat makkelijker.. ;p",0,"Hahahaha, what do we not want to see anyway?"
116894,"Maar ik moet mijn lichaam helaas naar een andere bestemming begeven, daarom groet ik u gedag",0,"But I'm afraid I have to move my body to another destination, which is why I salute you."
116895,Is echt duur,0,Is really expensive
116896,"Ja, maar komt volgende week woensdag uit bij jou zegmaar? ÓêÖ",0,"Yeah, but does next Wednesday come out to you, so to speak?"
116897,Wat krijg je voor je verjaardag?,0,What do you get for your birthday?
116898,Zeg maar hoelaat je wil,0,Tell me what time you want.
116899,"Maakt me niet echt uit; ik zet Marloutje af op n feestje maar die maakt t ook niet uit hoe laat en anders kon ze bij een vriendin terecht, dus zegt u het maar mevrouw ÓêÖ",1,"I don't really care; I'm dropping Marlout off at a party but it doesn't matter what time and otherwise she could go to a girlfriend's house, so you just say it to me, Mrs. O'Brien."
116900,"[REMOVED] heeft me gisteravond nog gemaild, hij gaat naar een conferentie dus kan voorlopig niet helpen alleen via email",0,"[REMOVED] e-mailed me last night, he's going to a conference so can't help just by e-mail for now"
116901,Zou ook niet weten waar ik vleugeltjes vandaan zou moeten halen,0,"Wouldn't know where to get wings, either."
116902,"Ja ik kan je wel halen van het station, doen we meteen even boodschappen bij de [REMOVED]",1,"Yeah, I can get you from the station, we'll run errands at the [REMOVED] right away."
116903,"Hi honey!!! Ik heb je foute pakkie al gezien..:P haha!! Hoer alles goed! Fijn dat het zo leuk is daar!! En Uuhmm.. Stuur jij ""likje"" naar [REMOVED] op [REMOVED]?! Hahaha!!!! Veel plezier nog en tot snel!! Dikke kus..!üíó",0,"Hi honey!!! I've already seen your wrong suit..:P haha!! Whore all right! Glad it's so fun there!! And Uuhmm.. You send ""lick"" to [REMOVED] on [REMOVED]?! Hahaha!!!! Have fun and see you soon!! Big kiss..!"
116904, Heb geen pc vandaag ,0,Don't have a PC today
116905,Oke :) bedankt alvast haha! Oke! Zal ik dan water vandaag opzeggen als dat lukt?,0,Okay:) thank you already haha! Okay! Shall I cancel water today if I succeed?
116906,Structuur staat erop,0,It's got structure on it.
116907,Ik ga vanavond eten in [REMOVED] denk ik en morgenmiddag samen met willemijn een middagje [REMOVED] in.,1,I'm going to dinner tonight in [REMOVED] and tomorrow afternoon together with Willemijn into an afternoon [REMOVED].
116908,En tot strakski wah!,1,And I'll see you later!
116909, Over een uurtje ongeveer ,0,About an hour from now.
116910,Ik heb woensdag voor de [REMOVED] keer een date met Floyd,1,I've got a date with Floyd Wednesday for the [REMOVED] time.
116911,En als het echt te snel gaat kan je dat natuurlijk ook tegen hem zeggen,0,"And if it's really going too fast, you can say that to him, of course."
116912,Hmm goeie... Ik twijfel nog of ik in [REMOVED] zal blijven maar wil sowieso wel naar een rommelmarkt,0,Hmm good... I still doubt if I will stay in [REMOVED] but want to go to a flea market anyway
116913,Maandag bij dat feest,0,Monday at that party
116914,Lange dag ook vandaag,0,Long day too today
116915,Waar denken jullie dat ik wegwerptentonderzeil kan kopen?,0,Where do you think I can buy disposable tarp?
116916,Hoi liefje! Ik ben nu wakker. Ik mis je! Jij ook succes vandaag!,0,"Hey, sweetie, I'm awake now, I miss you!"
116917,Wij kregen van zo'n blokken waar je je antwoord in moest zetten en je mocht er niet buiten komen xD,0,We got one of those blocks where you had to put your answer in and you weren't allowed to come out xD
116918,"Hey, wil je nog gaan vanavond?",1,"Hey, you want to go tonight?"
116919,"Hey [REMOVED] zou jij misschien morgen die stekker weer mee kunnen nemen, want mijn telefoon laat niet op met een andere stekker. Ik kan wel een andere stekker voor jou meenemen. Misschien dat die combinatie wel werkt.",1,"Hey [REMOVED] maybe you could bring that plug back tomorrow, because my phone doesn't leave up with another plug. I can bring another plug for you. Maybe that combination will work."
116920,[REMOVED] viert inderdaad dan haar verjaardag,0,[REMOVED] indeed celebrates her birthday
116921,Ja! Boodscgappn al voroge week genoeg gehaald,0,Yes! Boodscgappn already made it before week enough
116922,"Mam, kun je straks als ik thuis kom een blouse voor me strijken?",1,"Mom, can you iron me a blouse when I get home?"
116923,Heb je zin in zondag?,0,Would you like a Sunday?
116924,"Check het morgenvroeg, dan ga ik naar nijmegen ",1,"Check it in the morning, and I'll go to Nijmegen."
116925,Na afgelopen weekend,0,After last weekend
116926,Moet jij vrijdag niet gewoon werken?,1,Aren't you supposed to be working on Friday?
116927, Je moet hem morgen activeren ,0,You're gonna have to activate it tomorrow.
116928,Blijf maar even uit de buurt van de wc,0,Stay away from the bathroom.
116929,Had je die song gezien van charlotte waar ton ons in getagd had LOL,0,Would you have seen that song of charlotte that ton had tagged us in LOL?
116930,Waar moet jij vandaag komen,0,Where are you going today?
116931,Oh de naam klinkt wel bekend trouwens.. Maar ik betwijfel of ik het ooit gezien heb,0,"Oh, the name sounds familiar, by the way, but I doubt I've ever seen it."
116932,Ben morgenmiddag wel thuis,1,I'll be home tomorrow afternoon.
116933,"Je moet ""wifi in de trein"" hebben en dan naar ""www.nstrein.ns.nl"" gaan en daar akkoord gaan met de voorwaarden",0,"You must have ""wifi on the train"" and then go to ""www.nstrein.ns.nl"" and agree to the terms and conditions"
116934,Is goed dan fiets ik rond zeven uur aan oke?,1,"All right, I'll bike around seven o'clock, okay?"
116935,En dan samen,0,And then together
116936, Wanneer is sunset ,0,When is sunset
116937,Jammer. Wanneer dan wel?,0,Too bad.
116938,En iedere dag zelfde programma,0,And the same program every day
116939,Er komt er nu een aan en dan pas over kwartier,0,"There's one coming now, and it's not till 15 minutes."
116940,Dan gaan we wel samen naar de mac sjatt,1,Then we'll go to the mac shatt together.
116941,Lekker vroeg,0,Nice and early.
116942,En dinsdagaaf,0,And Tuesday
116943,We moeten juist wel samen een conclusie schrijven..,1,"On the contrary, we have to write a conclusion together."
116944,kan jij vandaag spelen?,0,Can you play today?
116945,Morgen eet ik bij [REMOVED]..,1,Tomorrow I'll eat at [REMOVED]...
116946,Ik had laatst krieltjes voor [REMOVED]+[REMOVED] gratis maar het tweede zakje ga ik niet meer eten. Houdbaar t/m morgen. Wie wil mag het opeten :),0,Last time I had the creeps for [REMOVED]+[REMOVED] free but the second bag I'm not going to eat anymore. Keepable till tomorrow. Who wants to eat it:)
116947,Hey! Hoe gaat het met de wandelaars? Weet je al ongeveer hoe laat jullie er zullen zijn?,1,Hey! How are the walkers? Do you know about what time you'll be there?
116948,"Oh, heb je ze alleen naar de SVN gestuurd haha?",0,"Oh, did you just send them to the SVN haha?"
116949,[REMOVED] vertrekt vanavond om half 8 vanuit [REMOVED] richting [REMOVED] en haalt ons dan bij mij op tussen kwart voor 8 en 8 uur,1,[REMOVED] leaves [REMOVED] tonight at 8.30 p.m. from [REMOVED] towards [REMOVED] and picks us up at my place between 8:45 a.m. and 8:00 a.m.
116950,Inductie kook plaat,0,Induction cooking plate
116951, Jaa met jou als ik je weer zien ,0,Yes with you when I see you again
116952, Heb een fles jagermeister mee waar [REMOVED] en ik stiekem van aan t drinken zijn ,0,Got a bottle of hunter meister that [REMOVED] and I'm sneaking from drinking.
116953, Blijf je lang vanavond? ,0,Are you staying long tonight?
116954, Niks vertellen. Waarschijnlijk komt hij vanavond na de activiteit pas thuis ,0,Probably won't be home till tonight after the activity.
116955,Vrijdag zaterdag maandag dinsdag carnaval,1,Friday Saturday Monday Tuesday Carnival
116956, Ben er over half uurtje. Ongeveer ,0,I'll be there in half an hour.
116957,.*    * .    . *    *.*          *          * * .    üåπ       .*    * .          .*         * . *Stuur dit hartje naar alle mensen die je een warm hart toedraagt in [REMOVED]. Je gaat vanavond goed nieuws krijgen als je [REMOVED] hartjes terug krijgt! üòò‚ù§‚ù§‚ù§,0,* * * * * * * * *... * * *.. * * * * * * Send this heart to all the people you love in [REMOVED]. You're going to get good news tonight when you get [REMOVED] hearts back!
116958, Nog een uurtje en dan de trein in ,1,Another hour and then on the train
116959,"Als ik pfeiffer heb, hoor ik t morgen, anders moet ik dinsdag bellen voor de uitslagen",0,"If I have pfeiffer, I'll hear it tomorrow, otherwise I'll have to call Tuesday for the results."
116960,Zullen we het dan deze week uitprinten?,0,Then why don't we print it out this week?
116961,Of het essay moet zwaar tegenvallen,0,Unless the essay's a bitch.
116962,Ik ben zo dom geweest om m'n fiets op [REMOVED] te zetten terwijl ik morgen vanaf [REMOVED] naar De [REMOVED] kom dus ik had hem bij [REMOVED] willen zetten...,1,I've been so stupid to put my bike on [REMOVED] while I come from [REMOVED] to The [REMOVED] tomorrow so I would have put it at [REMOVED]...
116963,Ojaa ik stuur hem nu door,0,"Oh, yeah, I'm sending him over now."
116964,Heyy maakt nie uit.. mooi dat ie is overgehuisd.. zeg jij maar wanneer je kunt/wilt want ik kan licht.. ÓÑÖ,0,"Hey, it doesn't matter... nice that he moved over... you tell me when you can/will because I can light..."
116965,Ben er waarschijnlijk iets later dan half elf,1,Probably a little later than 10:30.
116966,Kunnen we niet 's middags eraan werken?,1,Can't we work on it in the afternoon?
116967,Zeg gewoon waar ik over twijfel en dan moet het goed komen...,0,"Just tell me what I'm having second thoughts about, and then it's gonna have to be okay..."
116968,"""dat loop IK al sinds vorige week te zeggen""",0,"""I've been saying that since last week"""
116969,"Het eerste woord wat in me opkomt als ik lees wat er op de site van Radio Markant staat is; gerechtigheid. Want wat Menke en [REMOVED] Groenewegen samen met hun dochter [REMOVED] en haar vriendin [REMOVED] ons, het team van de MC Donald‚Äôs in [REMOVED] en [REMOVED] heeft geflikt is op zijn minst misselijkmakend.",0,"The first word that pops into my mind when I read what is on the website of Radio Markant; justice. For what Menke and [REMOVED] Groenewegen and their daughter [REMOVED] and her girlfriend [REMOVED] did to us, the team of the MC Donalds in [REMOVED] and [REMOVED] is at least nauseating."
116970,Dus ik weet niet hoelaat ik dan thuis ben,1,So I don't know what time I'll be home.
116971,Hoe laat ga je weer weh?,0,What time are you going weh again?
116972,Moet ik met haar mee heen rijden of kan pap/mam me bij het busstation komen halen?,1,Should I drive with her or can Dad/Mom pick me up at the bus station?
116973, Merken het van de week wel ,0,Find out about the week
116974, Je mag wel blijven slapen vanavond ,1,You can sleep over tonight.
116975,Mag ik dan een andere dag langskomen voor je verjaardag?,1,Then can I come by another day for your birthday?
116976,Dus als ik zin heb dan doe ik dat morgen en dan stuur ik het je,0,"So if I feel like it, I'll do it tomorrow and I'll send it to you."
116977,"Nee eum, als je daar rechts gaat (waar ik dus heen ging), heb je op een gegeven moment een parkeerplaatsje rechts",0,"No um, if you go right there (where I went), at some point you have a parking space on the right"
116978,Haha weet ik maar dit is mijn laatste poging om je toch nog mee te krijgen,0,"Haha, I know, but this is my last attempt at getting you out of here."
116979,(doelend op koen natuurlijk :( ),0,(meaning of course: ( )
116980,Ik heb echt zin in volgend jaar,0,I'm really looking forward to next year.
116981,Was je weer ziek vandaag,0,Were you sick again today?
116982,Haha en dan om acht uur 'snachts met je slappe zaadlul tegen het schaambeen van bejaarde lopen butsen terwijl je de volgende dag gwn naar school moet,0,Haha and then at eight o'clock at night with your weak cum dick on the pubic bone of the elderly while you have to go to school the next day
116983,Ja tuurlijk man,0,"Yeah, sure, man."
116984, Klote avond ,0,Fucking night.
116985,Is die opdracht vast voor volgende week ofzo,0,Is that assignment for next week or something?
116986,Wanneer gaat ze nou fietsen?,0,When's she gonna ride a bike?
116987,Hoe laat ben je hier,0,What time are you here?
116988,Want donderdag is mitchel er ook:p,1,"'Cause Thursday's mitchel's gonna be there, too:p"
116989,Dat wou ik ook zien,0,That's what I wanted to see.
116990, Hoe laat ben je morgen terug denk je? ,1,What time do you think you'll be back tomorrow?
116991, Ben ingepland om morgen te werken ,0,Scheduled to work tomorrow
116992,Haha ja ik weet nog dat ik dat zei maar wanneer... Sowieso meer dan [REMOVED] maand geleden,0,"Yeah, I remember saying that but when... Anyway more than [REMOVED] month ago"
116993, Ga je ook naar ouderdag? üòÅ ,1,Are you going to Parent's Day?
116994,[REMOVED]! Wat zullen we afspreken voor zaterdag?,1,[REMOVED]! What should we get together for Saturday?
116995,Waar over,0,About what?
116996,"Ja goed, ik begin donderdagavond in de tempelier op 'proef' ",1,"Yeah, well, I'll start Thursday night at the Templar on ""Taste."""
116997, Morgen misschien weer üòá ,0,Maybe tomorrow we'll have another one.
116998,"Misschien, als 'ie de volgendekeer wel goed warm wordt kan je er een handdoek omheen doet die nog lekker naar 'ik kom uit de was' ruikt om de geur te onderdrukken",0,"Maybe if 'it gets warm the next time, you can put a towel around it that still smells like 'I'm coming out of laundry' to suppress the smell."
116999,"Jij bent morgen, woensdag, toch te eerste vrij fnie?",0,"You're tomorrow, Wednesday, aren't you the first free fnie?"
117000, Ga jij nog iets doen? Of ben je saai vanavond? ,0,Are you gonna do anything or are you boring tonight?
117001,Oja das waar.. Dat dr ouders gescheiden zijn was ik al helemaal vergeten,0,"Oh, yeah, that's right... that Dr. Parents are divorced, I totally forgot."
117002,Ik probeer muziek te vinden die past bij een sc√®ne voor m'n audities.... De bovenbuurman zingt erdoorheen.,0,I'm trying to find music that fits a scene for my auditions... the upstairs neighbor sings through it.
117003,"Ik heb alleen bericht gehad van je appje vanochtend, gister middag bleef m'n telefoon stil",0,"I just got a message from your app this morning. Yesterday afternoon, my phone stayed quiet."
117004,maakt mij nie uit.. uurtje of [REMOVED]/elf uur?,1,Doesn't matter to me... hour or [REMOVED]/elf hour?
117005,Haha is goed hoor ik kom vnmiddag wel een keer,1,Haha's okay. I'll come before noon sometime.
117006,Van het station,0,From the station
117007,En dacht ook aan heg boekenweekgeschenk en het verdwijnen van se komma,0,And also thought of hedge book week gift and the disappearance of semicolon
117008,Hoe laat stop jij met werken? Dan ga ik gewoon daarna pas in het excelbestand zetten wat ik gedaan heb,0,What time are you gonna stop working? Then I'm just gonna put what I did in the excel file after that.
117009,Heb je lange dag vandaag trouwens? Of alweer thuis ofzo?,0,"Do you have a long day today, by the way, or home again or something?"
117010,Wat een lange dag zeg,0,What a long day.
117011, Vet zuur ,0,Fat acid
117012,Het is ook nog geen pasen. Ga je vanavond naar abba?,1,It's not an Easter either.
117013,Kunnen jullie vanavond misschien de statafel meenemen?,1,Can you guys take the stand with you tonight?
117014,Waar hoorde [REMOVED] dan bij centralen of geallieerden,0,Where did [REMOVED] belong then to central units or allies
117015,"Je ziet het niet heel goed, maar mijn aankopen van vandaag;)",0,"You don't see it very well, but my purchases today;)"
117016,Laat morgen wel zien,0,Show me tomorrow.
117017, Kom jij nog naar de openingsmarkt? ,1,Are you still coming to the opening market?
117018,ga nu sandbagnests plaatsen,0,go put sandbagnests now
117019, Laat je straks wel weten wat ik doe ,0,Let you know what I'm doing later.
117020,Hee  ik heb het gevraagd en we zouden graag soep bij jullie komen eten:) is zondag goed? Knuffels,1,Hey I asked and we would like to come to your soup:) is Sunday okay? Cuddles
117021,Hoe ga jij naar saar er gaan toch geen bussen vanaf het station?,0,How are you gonna get fucked up? There's no buses from the station.
117022, Jaa tuurlijk wil ik dat ,0,"Yes, of course I do."
117023,Aan de ene kant vind ik het heel lullig voor de organisaties die komen morgen maaar aan de andere kant vind ik de demonstratie ook belangrijk,1,"On the one hand, I find it very ugly for the organizations that are coming tomorrow on the other hand I also think the demonstration is important"
117024,Heb je inmiddels al een outfit voor morgen?,0,Do you have an outfit for tomorrow?
117025,een uur half drie,0,2:30 p.m.
117026, Vind mn structuur niet zo sterk üòÇ ,0,Don't find my structure that strong.
117027,Ik lig al een uur wakkerÓêë,0,I've been up for an hour.
117028,Den..üòû Ik kan niet mee vanavond.. Heb me net ziekgemeld.. I'm sorry.. Veel plezier vanavond!! Denk aan je!!üòò Xx,1,I can't come tonight... Just called in sick.. I'm sorry.. Have fun tonight!! Think of you!!
117029,Ik ben nog ff wat ophalen wat ik vergeten was bij de mac en dan kom ik naar het strand,1,I'm still picking up what I forgot at the mac and then I'll come to the beach.
117030,"Dingen ophangen doe ik half twaalf of later, hangt er vanaf... Mensen zouden me helpen maar nu laat niemand iets van zich horen dus geen idee. Als ik t in mn eentje ga doen, kom ik pas later",1,"I hang things up 11:30 or later, depends on it... People would help me but now nobody's gonna let me know. If I'm gonna do it on my own, I'm not gonna show up until later."
117031," Sorry gister verjaardag van nolan, beetje droeloe ",1,"Sorry yesterday's birthday of nolan, little dreary"
117032,Woensdag en donderdag vrij maar woensdag wel gesprek over whatsapp onderzoek,0,Wednesday and Thursday free but Wednesday we will talk about whatsapp research
117033,"Neen. Toen jullie gingen , zijn sam en kevin ook gegaan. En een half uurtje daarna ben k ook gegaan.",0,"No, when you went, Sam and Kevin went, and half an hour after that, I went."
117034,Kwart over [REMOVED] h√®,0,Quarter past [REMOVED] huh?
117035,Ben dinsdagavond bij m'n ouders... En dan donderdagavond pas weer terug,1,I'll be at my parents' house Tuesday night... and then I'll be back Thursday night.
117036,Maar om [REMOVED] is het fucking druk en kan nu samen met bart,1,But to [REMOVED] it is fucking busy and can now together with bart
117037,[REMOVED] jullie zijn echt cute samen,0,[REMOVED] You're really cute together.
117038,"Batt is bijna leeg maar ben zeven uur in nijm, kom wel langs je huis lopen goee",1,"Batt's almost empty, but I'm in the middle of seven hours. Come by your house."
117039,Waar hebben jullie dan gegeten?,0,Where did you guys eat?
117040,Maar ik moet t toch printen voor vrijdag,0,But I still have to print it by Friday
117041,Nee nee ik moet het -eigenlijk- nog inkorten en nalezen en het nog heel interessant maken aangezien het nergens op slaat wat ik heb geschrevenÓÑÖ,0,"No, no, no, no, no, no, no, no, no, no, no, no, no, no, no, no, no, no, no, no, no, no, no, no, no, no, no, no, no, no, no, no, no, no, no, no, no, no, no, no, no, no, no, no, no, no, no, no, no, no, no, no, no, no, no, no, no, no, no, no, no, no, no, no, no, no, no, no, no, no, no, no, no, no, no, no, no, no, no............"
117042,Parjeerplaats bijna,0,Parjeering site almost
117043,Super kut we gaan nu fucking laat,1,Super cunt we're gonna fucking late
117044,Maar moest even mee.. Vanavond weer in nimma,1,But I had to come... tonight in nymma again.
117045,Zag ik jou nou zondag met jochem appen?,0,Did I see you playing jochem on Sunday?
117046,Ja.. Lekker samen slapen vanavond üòÅ,0,Yeah... sleep together tonight.
117047,Jaa maar waarop,0,"Yeah, yeah, yeah, yeah, yeah, yeah, yeah, yeah, yeah... yeah, yeah, yeah, yeah, yeah, yeah, yeah, yeah, yeah, yeah, yeah, yeah... yeah, yeah, yeah, yeah, yeah, yeah, yeah, yeah, yeah, yeah, yeah, yeah, yeah, yeah, yeah, yeah, yeah, yeah, yeah, yeah, yeah, yeah, yeah, yeah, yeah, yeah, yeah......... yeah, yeah, yeah, yeah, yeah, yeah, yeah, yeah, yeah, yeah, yeah, yeah, yeah, yeah, yeah, yeah, yeah, yeah, yeah, yeah, yeah, yeah, yeah, yeah, yeah, yeah, yeah, yeah, yeah, yeah, yeah, yeah, yeah, yeah, yeah, yeah, yeah, yeah, yeah, yeah, yeah, yeah, yeah, yeah, yeah, yeah, yeah, yeah, yeah, yeah, yeah."
117048, Heb een bericht gestuurd naar het bestuur van carolus ;) hopen dat ze het doen ,0,Have sent a message to the board of carolus;) hope they do it
117049,Welke dag is dat,0,What day is that?
117050, Afgezien van je familie haha ,0,Apart from your family haha
117051, Ik ga morgen wel naar statistiek üò© ,0,I'll go by statistics tomorrow.
117052,Haha een toon laten  zien nog wel?,0,"Show haha a tone, though?"
117053,Deze week,0,This week
117054,Kwart voor [REMOVED],0,Quarter before [REMOVED]
117055,Wat ik nog wou vragen: wat doe je morgenavond?,1,"What I wanted to ask you was, what are you doing tomorrow night?"
117056,Drm stuurde ze bij ons zonder wenkbrauwen denk ik hahaha,0,Drm sent them to us without eyebrows I think hahaha
117057,Zon formulier invullen wat ze ons toen had toegestuurd,0,Fill out the Sun Form she sent us then
117058, Ja was vanochtend niet helemaal helder ,0,You weren't quite clear this morning.
117059,Dat slaat eigenlijk ook nergens op haha,0,That doesn't make any sense either.
117060,"Het is volgens mij echt een leuke kerel, mooi als hij erbij komt! Het is niet alleen aan het bestuur om daarvoor te zorgen, vind dat de jeugd hierin ook een kleine taak heeft",0,"I think he's a really nice guy, great when he joins! It's not just up to the board to take care of that, think that the youth has a small task in this too."
117061,Zullen we dan samen eten woensdag? Met z'n [REMOVED] en?,1,"Why don't we have dinner together on Wednesday, with his [REMOVED] and?"
117062, Hoelaat ga je naar huis? ,1,What time are you going home?
117063,"Ben thuis aan de studie, zie je tijdens college üòâ",1,"I'm home to the study, you'll see during college"
117064,Vandaag mondelingen Nederlands. Morgen Vermeer. Nu dom genoeg nog wel op en meer naar [REMOVED] voor college.,1,Today oral Dutch. Tomorrow Vermeer. Now stupidly still up and more to [REMOVED] for college.
117065,"Maar als hij net droog is, laat hem dan nog maar binnen hoor",0,"But if he's just dry, let him in."
117066,WAAROM REAGEERT JE NIET? IK ZIET TOCH BLAUWE VINKJES?!,0,WHY DOESN'T YOU REALIZE? I SEE SOME BLAUWE VINKJES?!
117067,We moeten maar even zien haha,0,We'll just have to see... haha.
117068,Maar het duurt sowieso maar even en het heeft ook niet echt haast,0,"But it's gonna take a while anyway, and it's not really in a hurry, either."
117069,LAAT MAar,0,LET'S LET'S GO. LET'S LET'S LET'S LET'S LET'S LET'S LET'S LET'S LET'S LET'S LET'S LET'S LET'S LET'S LET'S LET'S LET'S LET'S LET'S LET'S LET'S LET'S LET'S LET'S LET'S LET'
117070,Dus miss kunnen we samenfietsen,1,So miss we can bike together
117071,"Ik ga ju naar de uni, als je zin hebt in koffie kwartiertje voor les let me know!",1,"I'll go you to college, if you feel like coffee for 15 minutes for lesson let me know!"
117072,Maar ja.. [REMOVED] avond genoten en de rest...,0,But yes... [REMOVED] evening enjoyed and the rest...
117073,Je muur...,0,Your wall...
117074, Hoe laat anytime? ,1,What time is it?
117075,En nu twijfel ik natuurlijk weerÓÑì,0,"And now, of course, I'm in doubt again."
117076,Maar daarnaast lijkt t me wel beperkend voor jo,0,"But besides that, I think it's limiting for jo"
117077,Lekker dagje weggeweest met pa?,0,Have a nice day away with Dad?
117078,Hoef dit weekend maar van [REMOVED] tot [REMOVED] te werken,1,Only have to work from [REMOVED] to [REMOVED] this weekend
117079,Hoelaat?,0,What time?
117080, Die laatste is heel vaag ,0,The latter is very vague.
117081, Gegarandeerd lachen echt waar ,0,Guaranteed laughing really true
117082,Nee sorry net morgen moey ik wel eerste uur naar school,0,No. I'm sorry. I'm sorry.
117083,Heb echt geen zin vandaag Mja geld verdienen h,0,Don't feel like making money today.
117084,Waarheen?,0,Where?
117085,Schoenen kopen gaat niet door... Wat is het plan rond [REMOVED]? Is het ver reizen? Is het duur? Hoe laat zouden we terug zijn? Dan wil ik misschien toch wel mee,0,Buying shoes doesn't go on... What's the plan around [REMOVED]? Is it far traveling? Is it expensive? What time would we be back? Then I might want to come along
117086,Waar?,0,Where?
117087,Of ik de auto mee kan nemen vanavond üòò,0,Can I bring the car tonight?
117088,Dan ben je in de buurt üòú,0,Then you're in the neighborhood.
117089,Is wel savonds ofc;),0,Is in the evening ofc;)
117090,Maar hij zei dat je kan komen wanneer je wilt en het duurt tot elf uur,0,But he said you can come anytime you want and it takes until 11:00.
117091,Stuur die blz eens,0,Send me that page.
117092,Kunnen jullie me vanavond ophalen bij maud,1,Can you pick me up at Maud's tonight?
117093,Maar het is bijna het einde van de avond,0,But it's almost the end of the night.
117094,Is goed! Onder de klok in het [REMOVED]? Dan kunnen we even vragen of het bestuurshok vrij is en anders zoeken we gewoon beneden ergens een plekje,1,All right! Under the clock in the [REMOVED]? Then we can ask if the administrative loft is free and otherwise we'll just find a place downstairs somewhere
117095,Ik ben helemaal vergeten je beschermers mee naar den helder te nemen üò±! Had je er haast mee? Want anders neem ik ze volgende week gewoon mee,0,I completely forgot to take your protectors with me to the bright side.
117096, Moet morgen [numerical_value] uur op de soos zijn ,1,Must be on the soos tomorrow [numerical_value]
117097,"Tante maria belde me net trouwens, ome theo heeft nog geen idee hoelaat hij precies in cuijk is, maar ik moest m vrijdag maar bellen en zeggen waar ik precies stond wqnt anders kleine kans dat ik m zag",1,"Aunt Maria just called me, by the way, Uncle Theo has no idea exactly what time he's in cuijk, but I had to call him Friday and tell him exactly where I was standing otherwise small chance I saw him"
117098,En twee weken geleden had ze [REMOVED] zo weinig zuurstof als papa,0,"And two weeks ago, she had [REMOVED] as little oxygen as daddy."
117099,Ik eet bij m'n ouders en zou daarna met Kas boodschappen doen voor familieweekend maar die doet hij nu in z'n eentje,1,"I'd have dinner with my parents and then I'd be shopping with Kas for family weekend, but he's doing it on his own right now."
117100,Maar ze zei dat ze het vandaag af zou hebben,0,But she said she'd finish today.
117101,Ja elke maand [REMOVED] he.,0,Yes every month [REMOVED] hey.
117102,Mijn ouders en broertje komen graag zondag op de thee. Zelf ben ik er vanavond of morgenochtend weer (etentje in [REMOVED] [REMOVED] dus misschien slaap ik bij [REMOVED]),1,My parents and brother like to come for tea on Sunday. I myself will be there tonight or tomorrow morning (dinner in [REMOVED] [REMOVED] so maybe I'll sleep with [REMOVED])
117103,Heb je de auto nog nodig het weekend????,1,Do you still need the car for the weekend????
117104,Jij slaapt er vanavond?,1,You're sleeping there tonight?
117105, Waar ben je eten? ,0,Where are you eating?
117106,Weet ik niet precies. elf uur - half vier?,0,I don't know exactly. 11:30?
117107,"Als het leren een beetje oke gaat kom ik s avonds wel,",1,"When learning a little okay I'll come in the evening,"
117108,Kijken veel vrouwen daarnaar?,0,Do a lot of women watch that?
117109,Eerder is wel leuk maar zeg maar wat jij wil,0,"It's nice before, but you can say whatever you want."
117110,"Heej, ja sorry was op stal en had m niet gehoord. Maandag ging wel prima. Ga morgen naar papa om vrijdagochtend vroeg weer naar de school te gaan.",1,"Hey, yeah sorry was in the stable and hadn't heard it. Monday was fine. Go to Dad's tomorrow morning to go back to the school early Friday morning."
117111, Kom je zo anders even langs? Samen eten? ,1,Why don't you stop by and have dinner?
117112,Vrijdag voor de kwek is er de kwek-prom omdat het evenement al [REMOVED] jaar bestaat,1,Friday before the quack there is the quack-prom because the event already exists [REMOVED] year
117113,Nah beetje natte sneeuw de hele dag,0,Nah little wet snow all day
117114, Hoelaat ben je er dan denk je? ,1,What time do you think you'll be here?
117115,Ja samen eten is ook leuk idd!!,0,Yeah eating together is fun too!!
117116,"Ik ben er rond 10, nu nog in [REMOVED] [REMOVED]. Maar jij bent er vanmiddag dus wel?",1,"I'll be in about 10, now [REMOVED] [REMOVED]. But you'll be there this afternoon?"
117117,Vertel morgen maar,0,Why don't you tell me tomorrow?
117118, Jaa dat komt morgenüòâ ,0,"Yeah, that's gonna come tomorrow."
117119,Carmel komt vanavond ook wil je mee?,1,"Carmel's coming tonight, too. Do you want to come?"
117120,"Bah, echt zwaar irritant!",0,"Yuck, it's really annoying!"
117121,Als je er bij nadenkt slaat het nergens op,0,"When you think about it, it doesn't make any sense."
117122,Zie jullie al samen in die keuken,0,See you guys together in that kitchen.
117123,Poepje! Ik ga nu slapen. Ik hou van je! Ik zie jou overmorgen! üòò,0,I'm going to sleep now. I love you! I'll see you the day after tomorrow!
117124,Samen fietsen? Tien voor tien coffeeshop?,1,"Bike together, ten to ten coffeeshops?"
117125,En dan stuur ik dat je terug vanavond oke?,0,"And then I'm gonna send that back to you tonight, okay?"
117126,Dan kunnen we het papieren komende week voor de vakantie inleveren,0,Then we can turn in the papers for the holiday next week.
117127,Wat een kut opdracht is literatuur,0,What a fucking job is literature.
117128,Straks wordt je ontslagen haha,0,You're gonna get fired.
117129, Was een mooie avond! ,0,Was a beautiful night!
117130,Wat heb jij dit weekend?,0,What's going on with you this weekend?
117131,Het zijn iig allemaal.vrouwen voor zover ik kan zien ;,0,They're all ig.women as far as I can see;
117132,Hoihoi hoe heet de collega van je vader die ook naar mannenweekend gaat?,0,"Hey, what's your dad's partner's name who also goes to man's weekend?"
117133,Is cool tot straks ;),0,Is cool until later;)
117134,Dacht dat die andere [REMOVED] zouden samenkomen,0,Thought those other [REMOVED] would come together.
117135, Vanavond mijn huis. Trek maar iets moois aan ,1,"Tonight, my house."
117136,Maar wist je ook dat V zeer veel last heeft van ochtendzieke,0,But did you also know that V suffers very much from morning sickness
117137,Een pakketje bij de slijter halen voor iemand die zaterdag jarig is,0,Get a package at the liquor store for someone who has a birthday on Saturday.
117138,Waar ben je???,1,Where are you??
117139,"Hoi! Ik heb nu college van een mevrouw die [REMOVED] heet, waarom moet ik nu aan een orkaan denken?",0,"Hi! I now have a lecture from a lady named [REMOVED], why should I think of a hurricane now?"
117140,O haha heb niks gemerkt! Ja is snel gegaan h√®! Nee ik ga morgen ook niet! Nog even een extra dagje vrij h√®!,0,Oh haha didn't notice anything! Yeah went fast eh! No I'm not going tomorrow! Another day off eh!
117141, Morgen heb ik trouwens dat gesprek ,1,"By the way, I'm having that conversation tomorrow."
117142,Kan je toevallig ook een uurtje later?,1,Can you by any chance an hour later?
117143,Ik heb ook gewonnen vandag trouwes!ÓêÖ,0,I also won my fairies this day!
117144,Waar gingen jullie heen dan?,0,Where did you go?
117145,Waar was jij gisteren?,0,Where were you yesterday?
117146,Ik doe rond half zes boodschappen. Wie eet er mee vanavond?,1,I'm running errands around 5:30.
117147,"Ik vroeg me iets af: je zei gister dat we geen gezamenlijke conclusie hoeven te schrijven, maar hoeven we dan ook geen eigen conclusie te schrijven aan het eind van iedere analyse? Waarin dan staat dat HH de maatschappij weerspiegelde?",0,"I was wondering: you said yesterday that we don't have to write a joint conclusion, but we don't have to write our own conclusion at the end of each analysis? What then says that HH reflected society?"
117148, Hoelaat sta je op.? Ik morgen ook nog dingen doen ,0,What time are you getting up?
117155,Ik heb een voorkeur voor donderdagavond,1,I have a preference for Thursday night.
117158,Wat wil je afspreken? Wil je me morgen ochtend een berichtje sturen over hoe je je voelt en dan beslissen hoe of wat?,1,You want to send me a message tomorrow morning about how you feel and then decide how or what?
117160,Wilde je nog mee naar [REMOVED] vrijdag?,1,Were you still coming to [REMOVED] Friday?
117162,Zeg maar. Dan laat ik ze morgen thuis of geef ik ze aan jeroen bij cc,1,I'll leave them at home tomorrow or I'll give them to Jordan at cc's.
117164,Maar dat neem ik zondag dan wel mee,1,But I'll take that on Sunday.
117170,"Ok√© tot morgen dan, hoe laat zal ik er zijn?",1,"Okay, I'll see you tomorrow, then. What time do you want me to be there?"
117173,Daarna heb ik dan een date ;),1,Then I have a date;)
117181,Nu met mn ouders in het airport hotel na vandaag beetje door [REMOVED] tr hebben gewandeld,1,Now with my parents at the airport hotel after having walked through [REMOVED] tr
117185," Chapper is geweest, [numerical_value] tent is al opgezet, briefjes doe ik dadelijk door de deur, jij kunt komen wanneer je wilt, wilde jij hier mee eten? Kipfilet bonen en aardappelen ",1,"Chapper's been, [numerical_value] tent is already set up, notes I put through the door immediately, you can come whenever you want, did you want to eat with this? Chicken fillet beans and potatoes"
117193,Happy birthday [REMOVED]!! Hopelijk heb je een leuke en fijne dag al vandaag en tot vanavond! Xx,1,Happy birthday [REMOVED]!! Hope you have a nice and nice day today and until tonight! Xx
117194,Dinsdag rond [REMOVED]?,1,Tuesday around [REMOVED]?
117196,Hoe laat ben je thuis?,1,What time will you be home?
117202,[REMOVED] vraagt om het voorstel van bij haar eten een week uit te stellen,1,[REMOVED] asks to postpone the proposal of eating with her for a week
117204,Heb je morgenavond tijd?,1,Do you have time tomorrow night?
117208,Veilig terug in NL! Ik blijf zeer waarschijnlijk vannacht bij m'n ouders slapen en kom dan morgen richting [REMOVED],1,I'll probably stay with my parents tonight and then come tomorrow towards [REMOVED]
117212, Hoelaat zullen we doen? ,1,What time shall we do?
117213,Dan ben je er al vroeg toch?,1,"You'll be here early, won't you?"
117219, Moet straks.nog wel langs huis. Ben me sleutel en portemonnee Vergeten ,1,Got to stop by the house later. I forgot my key and wallet.
117220,Ik kan je wel meeten op het station als je wil?,1,I can measure you at the station if you want?
117226,"Is het goed als ik morgen iets eerder kom, dat we iets meer tijd hebben? Half [REMOVED] ofzo?",1,"Is it okay if I come a little early tomorrow, that we have a little more time? Half [REMOVED] or something?"
117230,Tot morgen,1,I'll see you tomorrow.
117231,Vanmiddag als ik thuis ben,1,This afternoon when I'm home
117236,Fietsen wij samen vnv?,1,Are we riding vnv together?
117238, Half [numerical_value] trein of [numerical_value] uur? ,1,Half [numerical_value] train or [numerical_value] hour?
117239,Ik heb gisteren gesquasht en vanmorgen gezwommen en morgenmiddag ga ik hardlopen,1,I squashed yesterday and swam this morning and I'm going for a run tomorrow afternoon.
117241,Waar wordt je afgezet,1,Where will you be dropped off?
117243,Wanneer ga je richting stad?,1,When are you heading towards town?
117258,Helleuu! De laatste vakantie-uurtjes zijn aangebroken :'( Hoe laat pakken jullie morgenvroeg de trein? Xxx,1,Helleuu! The last vacation hours have arrived:'( What time do you catch the train in the morning? Xxx
117259,Moet je morgen nou al afrijden?,1,Do you have to drive off tomorrow?
117264,Okeee ik ga morgen wel met zo'n bord lopen dat je aan kan trekken,1,"Okay, I'm gonna walk with one of those signs tomorrow that you can put on."
117268,Misschien kunne we toch [REMOVED] samen fietse!!!,1,Maybe we could [REMOVED] bike together!!!
117270,He sander ik ga denk morgen naar die masterclass. Kw voor [REMOVED] bij cc[REMOVED] toch? ,1,"Hey, Sander, I think I'm gonna go to that master class tomorrow."
117272,Ga je vanavond trainen? Ik ben niet thuis Moet werken. Xxx,1,I'm not home to work.
117277,Ik kan vrijdag zowieso niet mee naar paardrijden,1,I can't ride on Friday anyway.
117278, Kan hier heen komen maar kan je niet voorzien van bier. Ben out of ammo ,1,Can come here but can't provide you with beer. Ben out or ammo
117279,Doe ik straks ik moet nu werken,1,I'll do it later. I have to work now.
117280,"Ik was ernstig aan het kloten met het avondeten, de oven wilde niet warm worden, en toen ik mijn maaltje op had was het tijd om naar de kruidvat te fietsen om [REMOVED] op te halen voor  bandavonddingetje",1,"I was seriously messing with dinner, the oven didn't want to get warm, and when I had my meal it was time to cycle to the spice to pick up [REMOVED] for band night thingy"
117281,Kerstavond is altijd met ons drieen kadootjes.. en [REMOVED] januari vind mama geen fijne dag want dan moeten we de familie af..,1,Christmas Eve is always with the three of us... and [REMOVED] January doesn't like mom's day because then we have to finish the family..
117284,"Haaa zus,   jaa dat zal wel lukken haha :) en dankuwel, ben best bang stiekem, je krijgt de groetjes van oma die wel [REMOVED] zei dat je een schat van n keind was haha ÓÄé     wil je.trouwens even de naam van het hotel doorgeven? De ouders van shanice hebben m ook niet..    heeeel veel plezier, ik ben jalpers hoor ): en tot vrijdag xxxx Óêò",1,"Haaa sister, yes you will succeed haha:) and thank you, be rather scared secretly, you get the greetings from grandma who did [REMOVED] said that you were a treasure of n kein was haha.Would you like to give the name of the hotel? The parents of shanice don't have m either.. hey lots of fun, I'm yalpers hear ): and until Friday xxxx"
117285,"Hee! Gaan we woensdag samen naar dat feest of ga jij met mensen van campus in beeld [REMOVED]? Ik zag dat jij ook ging [REMOVED], mss kunnen we van tevoren wat afspreken. Xx",1,"Hey! Are we going to that party together on Wednesday or are you going to be with people from campus in the picture [REMOVED]? I saw you going too [REMOVED], mss we can make a deal in advance. Xx"
117295,Hoooi [REMOVED]! Hoe laat wilt u daten vanavond?,1,What time do you want to date tonight?
117298,vijf uur sta ik buiten hoor haha,1,I'll be outside for five hours.
117307,"Hai simoon, je hoeft niet op ons te wachten, wij zitten nu nog in de auto, zullen waarschijnlijk of precies om kwart voor daar zijn of ietsje later",1,"Hi simoon, you don't have to wait for us, we're still in the car now, will probably be right at quarter to there or a little later"
117312, Ik rij nu naar duiven en daarna nog ff naar de soos met marius ,1,I now drive to pigeons and then ff to the soos with marius
117317,"Heej, wat voor beleg heb jij allemaal nog maandag? Voordat [REMOVED] en ik dingen dubbel halen. Xxx",1,"Hey, what kind of siege do you have on Monday? Before [REMOVED] and I get things double."
117320, Laat maar even weten als je er bent ,1,Let me know when you get there.
117325,Van hoe laat tot hoe laat ben je aan het fitnessen? Ik heb nl elf uur tot ongeveer elf uur afspraak,1,From what time until what time are you working out? I have 11 o'clock to about 11 o'clock appointment
117328,Uur of acht?,1,Hour or eight?
117330,Ik hoef helemaal niet in leiden te zijn verder vandaag dus ik vind het handiger als ik thuis eet,1,"I don't have to be leading at all today, so I think it's more convenient if I eat at home."
117332,Hoe laat morgen? En moest naar [REMOVED] beukenlaan toch?,1,What time tomorrow? And had to go to [REMOVED] beech avenue anyway?
117334, Morgen weer lekker naar nijmegen meid. ,1,"Tomorrow, we'll go back to Nijmegen's girl."
117335, Yo morgen treintje om half [numerical_value] ,1,Yo tomorrow train at half [numerical_value]
117348,Want ik moet smiddags weer naar fleur voor die versieringen enzo,1,'Cause I gotta go back to fleur for those decorations and stuff in the afternoon.
117350, Ben over een uurtje terug ,1,I'll be back in an hour.
117352,We gaan eerst vergaderen en hebben om [REMOVED] gereserveerd. Als het al niet meer gezellig is bij de cocktails kan ik als je nog niet in bed ligt ook nog bij je thuis langskomen als je wilt. Zien we vanavond wel,1,We're gonna meet first and have reserved for [REMOVED]. If it's not fun anymore at the cocktails I can come by your house if you're not in bed yet if you want.
117358,Zin om met mij te eten vanavond?,1,Would you like to have dinner with me tonight?
117361,"Prima hoor, ik kook wel wat. Kan je vanuit het station gelijk mijn kant op en dan staat het eten klaar üòÅ",1,"Fine, I'll cook something. Can you go from the station right my way and then dinner is ready."
117363,Maar jammer dat ik je niet zie vanavond!,1,But I'm sorry I didn't see you tonight!
117367,[REMOVED] is om tien uur op [REMOVED] centraal.. Zullen we daarheen gaan? dan kunnen we niet verdwalen,1,[REMOVED] is at ten o'clock on [REMOVED] central.. Shall we go there? Then we can't get lost
117371,"We willen al om [REMOVED] de bus hebben. En [REMOVED] gaat ook mee :pMaar ik vind het leuk als je meegaat, al vind ik wel dat we dan ergens volgende week alsnog wel moeten tee√´n of zo.",1,"We already want to have [REMOVED] the bus. And [REMOVED] also goes along with :pBut I like it if you come along, although I do think we should still have to tee or something sometime next week."
117380,"Hoi mop! Hoe is het daar? Ik zit nu in de trein naar werk. Ben maar beetje eerder, moet nog eea doen. Ik heb trouwens de laptop helemaal voor je opgeladen mocht je breaking bad willen kijken",1,"Hi mop! What's it like? I'm on the train to work now. Be a little earlier, have to do some more. By the way, I've got the laptop all charged up for you in case your breaking bath wants to watch"
117382,"Hey, fijne vakantie gehad? Ik heb mijn tentamen toch nog gehaald met een [REMOVED] en een opdracht die ik in moest leveren met een [REMOVED] :) Zeg je het ook tegen ons mam? Tot zaterdag xx",1,"Hey, have a nice vacation? I did pass my exam with a [REMOVED] and an assignment I had to turn in with a [REMOVED]:) Do you also tell us mom? Until Saturday xx"
117386,Je bent welkom vanaf vroeg in de ochtend ;),1,You are welcome from early in the morning;)
117391,"Hee [REMOVED]! Ik weet niet waar op de wereld je bent, maar mocht je thuis zijn, zullen we dan binnenkort samen eten? Ik ben benieuwd naar de [REMOVED]! :)",1,"Hey [REMOVED]! I don't know where in the world you are, but if you're home, shall we eat together soon? I'm curious about the [REMOVED]!:)"
117395, Ik denk wel dat ik vanavond nog.blijf ,1,I think I'll stay tonight.
117396,Hoe laat ben je hier? [REMOVED] of zo?,1,What time are you here?
117398, Morgen chill dagje met [REMOVED] ,1,Tomorrow chilly day with [REMOVED]
117413,Mama ik ga zondag trouwens om [REMOVED] vakantie bespreken bij maud,1,Mama I'm going to discuss [REMOVED] vacation at Maud on Sunday
117414,"Doe ik, ik zie je morgen!",1,"I will, I'll see you tomorrow!"
117417, Ja ik kom naar nijmegen straks ,1,"Yeah, I'll come over later."
117419,[REMOVED]. Hadden we om drie uur afgesproken of om hwlf [REMOVED]?,1,[REMOVED]. Were we supposed to meet at three o'clock or at hwlf [REMOVED]?
117424,Moet zelf op donderdag iets inleveren waarvan ik dacht dat het op woensdag moest... Maar de extra tijd kan ik misschien goed gebruiken dus dan is voor mij spelletjes op vrijdag beter,1,Got to turn in something on Thursdays that I thought was supposed to be on Wednesdays... but I might need the extra time so it's better for me to play games on Fridays.
117434,Ga jij wel naar [REMOVED] zaterdagavond?,1,Are you going to [REMOVED] Saturday night?
117438,"Ok√©, dinsdag om vijf uur?",1,"Okay, Tuesday at 5:00?"
117439,Wat gaan jullie vandaag nog doen?,1,What are you guys gonna do today?
117442, Maar kan ook even smiddags naar jou komen ,1,But can also come to you in the afternoon
117450,Jaa savonds,1,Yes at night
117457,"Ok, ik zal het zo opnieuw opsturen. Ik ben nu namelijk niet thuis, maar in een half uurtje wel weer.",1,"Okay, I'll send it back in half an hour, because I'm not home right now, but I'll be back in half an hour."
117458,Prima. Overdag naar rijksmuseum?,1,"Fine, during the day at the National Museum?"
117461,Hee! Het plan is om in de week van [REMOVED] juni iets af te spreken. Dan bespreek ik eerst dingen met je en later in de week wilden we vergaderen met het huidige en nieuwe bestuur samen. Ben je er die week?,1,Hey! The plan is to meet in the week of [REMOVED] June. Then I will discuss things with you first and later in the week we wanted to meet with the current and new board together. Are you there that week?
117465,Ik ga vroeg de bieb in morgen! ,1,I'm going to the library early in the morning!
117466, Laat maar weten als je er bent ,1,Let me know when you get there.
117468,Dus vanavond eten in den haag? Of morgen lunch oid,1,So dinner tonight in the hedge? Or tomorrow lunch or
117470,Ik kan morgen ook niets doen want moet werken,1,I can't do anything tomorrow because I have to work.
117474,Nou [REMOVED] ik ben inmiddels in de stad :D we staan nu nog op koningsplein,1,Well [REMOVED] I'm in the city by now:D we're still on king's square
117481,Heb me helemaal verslapen dus ben echt pas half negen daar laat t dan wel weten ,1,"I totally overslept, so I'm really only 8:30 there, let me know."
117482,We zien jullie vanavond dan gewoon!,1,We'll just see you tonight!
117486,En je hebt geluk dat jullie er niet zijn vanavond anders had ik je wakker gemaakt om me te brengen,1,And you're lucky you're not here tonight or I'd wake you up to take me.
117493,We hebben een appartementje gehuurd en daar ben ik nu,1,We rented an apartment and there I am now
117496,Open dag op han met [REMOVED]. Voor zijn master,1,Open day on han with [REMOVED]. For his master
117502,"Nee we hebben het niet kunnen vinden! Maar zal de komende dagen nog rondvragen :) Koortslip is trouwens niet gekomen, heel raar maar gelukkig. Het was een citroen [REMOVED] geworden. Leuk autootje ;) Lekker rondgereden en veel van het eiland gezien. Morgen gaan we met de boot mee dus ben benieuwd! En jij lekker vakantieeee! Lekker he! Alvast een heeeele fijne vakantie als ik je niet meer spreek maar we appen! Groetjes daar xxx",1,"No we couldn't find it! But will ask around in the next few days :) Feverlip didn't come by, very strange but luckily. It was a lemon [REMOVED]. Nice car ;) Nice ride around and seen a lot of the island. Tomorrow we'll go with the boat so I'm curious! And you have a nice holiday!"
117504,"Hoi jonathan! Ik kan vandaag eerder komen als je wil, ik ben vanaf nu vrij. Laat maar weten!",1,"Hi jonathan! I can come earlier today if you want, I'm free from now on. Let me know!"
117505,Dinsdag eten bij [REMOVED] toch?,1,"Tuesday dinner at [REMOVED], right?"
117507,"Wanneer zullen we koffie doen? Ik ben dinsdag overdag ineens onverwacht vrij, is dat iets?",1,When are we gonna do coffee?
117510,kan jij afspreken,1,Can you meet?
117513,"Je moet trouwens zo maar je fiets op het station laten staan of voor poppedijn parkeren, het is hier er druk",1,"By the way, you just have to leave your bike at the station or park it in front of poppet curtain, it's crowded here"
117518,Kunnen we woensdag trouwens niet in de kelder?,1,"By the way, can't we go to the basement on Wednesday?"
117521, Heb woensdag ochtend een afspraak ,1,Got a date Wednesday morning.
117522,Wanneer housewarming?,1,When's housewarming?
117523,Maar goed ben dus half uur later ,1,"But okay, so I'll be half an hour later."
117527,Vanavond maar? Ben het helemaal vergeten üò≥,1,I forgot all about it.
117532,"Ja hoor, denk dat ik morgen pas naar [REMOVED] ga dus mail maar",1,"Yeah, think I won't go to [REMOVED] until tomorrow, so just mail it."
117533,[REMOVED] en ik borrelen nog even straks,1,[REMOVED] and I'll have a drink later.
117538,Maat vind je het goed als we morgen wat gaan drinken. Wil nog even iets afkrijgen en moet vanavond naar barneveld. ,1,"Mate, it's okay if we go out for a drink tomorrow."
117539,Ooh shit ik vergeet alleen helemaal dat ik morgen me rijexamen heb om die tijd ,1,"Oh, shit. I just completely forget that I have my driver's test tomorrow at that time."
117551,Ik zo ook dus slaap lekker tot morgen!,1,So I'll sleep well until tomorrow!
117553,Ik ga nu slapen. Ik app je morgen wel over hoelaat ik langskom,1,I'm gonna go to sleep now. I'll app you tomorrow about what time I'm coming by.
117564,Waar ben jij,1,Where are you?
117565,Hee [REMOVED]! Hoe issie?? Ben jij van plan morgen naar dat hoorcollege van [REMOVED] te gaan?,1,Hey [REMOVED]! How issie?? Are you planning to go to that lecture of [REMOVED] tomorrow?
117569, Laat maar weten hoelaat je er bent schat ,1,"Let me know what time you're here, honey."
117575,"Hee, ik ben denk ik de [REMOVED] t/m de [REMOVED] weer even in [REMOVED].En: vinden jullie het ok√© als ik op zaterdag [REMOVED] januari in de middag m'n familie uitnodig om m'n verjaardag te vieren en te laten zien waar ik woon?",1,"Hey, I think I'm the [REMOVED] till the [REMOVED] again in [REMOVED].And: do you mind if I invite my family in the afternoon on Saturday [REMOVED] to celebrate my birthday and show where I live?"
117578,Heeee! Eum hoe laat is dat? Ik wil wel namelijk!,1,"Hey, um, what time is that?"
117579,Vanavond naar die NSN-shit?,1,Tonight to that NSN shit?
117581,En dinsdag klinkt zeker goed ,1,And Tuesday certainly sounds good
117582,Ik bedoel natuurlijk tot straks!! X,1,"I mean, of course, see you later!! X"
117588,"Ben je workie workie? Ik dacht anders kunnen we record store day, speciale plaatjes vinden enzo",1,"Are you workingie workingie? I thought otherwise we could find record store day, special pictures and so on."
117590, Wanneer ga jij dan? ,1,When are you gonna go?
117594,Ik ben morgen thuis,1,I'll be home tomorrow.
117595, Ga er over een half uurtje heen ,1,Go there in half an hour.
117599,"Nog beter idee, kom woensdagavond mijn auto maar halen, dan kinnen we donderdagochtend hier beneden afspreken....",1,"Even better, come and get my car on Wednesday night, and we'll meet down here Thursday morning..."
117601, Jij bent morgen gewoon hele dag thuis? ,1,You're just gonna be home all day tomorrow?
117603,Nee! Zal ik dan daarna nog even echt langskomen?,1,You want me to stop by after that?
117605,Ik ben donderdag zo'n beetje de hele dag in [REMOVED] ben jij daar dan toevallig ook? [REMOVED] en ik gaan na het avondeten richting [REMOVED],1,"I'm in [REMOVED] all day on Thursday, are you there by chance? [REMOVED] and I'm going after dinner towards [REMOVED]"
117616, App maar hoelaat je naar huis gaat ,1,App but what time you go home
117617,Ok!! Tot strakss!! Zxxxx,1,Okay!! See you later!! Zxxxx
117620,Hoe laat zullen we doen,1,What time will we do
117623,Het wordt twaalf uur voor mij:p zit net in de trein! ,1,It's 12 o'clock for me:p is just on the train!
117626,Hoe laat wilden jullie gaan?,1,What time were you guys gonna leave?
117628,[REMOVED] maart twaalf uur en dan spreken we dan voor de week erna wel af,1,[REMOVED] March 12 o'clock and then we'll meet before the week after
117631,Hoi liefje! Super goed! Ik ben nu ajax aan het kijken :). Weet je al hoe laat je thuis ben?,1,Hi sweetie! Super good! I'm watching ajax now:). Do you know what time you're home already?
117634,"Heej [REMOVED], ga je vanavond ook naar de les? Zo ja, zou ik dan weer mee kunnen rijden? Groetjes, iris",1,"Hey [REMOVED], are you going to class tonight? If so, could I ride with you again? Greetings, iris"
117635,Vrijdag weer naar jou ;-),1,Friday again to you;-)
117637, Ben er met de vrijmibo. Maar straks nog even studeren dus ben al weer weg als jij er bent ,1,"I'm here with the freemibo, but I'm gonna be studying later, so I'll be gone when you get there."
117641,Ik haal [REMOVED] straks wel ff op van de bushalte,1,I'll get [REMOVED] from the bus stop.
117642,"[REMOVED], we hebben mentoruur",1,"[REMOVED], we have mentoring"
117646,Waar ging je nou heen op zondag?,1,Where did you go on Sunday?
117648,Dan zie ik je donderdag wel Óêï,1,"I'll see you Thursday, then."
117659,dus zou op zn vroegst vijf uur in maastricht kunnen zijn,1,So at least five hours could be in mast-direction.
117662,En dan vanavond even met jou en dilara stress-relief,1,And then tonight with you and dilara stress relief
117663,En elke tweede zaterdagochtend van de maand doen we duopaaldansen,1,And every second Saturday morning of the month we do duo pole dances
117667, Ga je daarna nog borrelen? ,1,Are you gonna have another drink after that?
117669,Ojaa vrijdagavond kunnen we mss wat gaan drinken met michelle en nog een paar?,1,Oh yeah Friday night we can have a drink with mss with michelle and a few more?
117670,"[REMOVED], vind je het ok√© om komende week in de kelder te overnachten? Dat geeft ons allebei wel wat meer ruimte voor onszelf. Ik overleg even of je de sleutel kunt krijgen, dan kun je gewoon in en uit wanneer je wilt.Welke nachten wilde je ook alweer blijven?",1,"[REMOVED], do you think it's okay to spend the night in the basement next week? That'll give us both a little more room for ourselves. I'll discuss if you can get the key, then you can just go in and out whenever you want.What nights did you want to stay again?"
117675, Maarja dan kan ik pas [numerical_value] uur ofzo in eindhoven zijn ,1,But then I can only be [numerical_value] hour or so in eindhoven
117679,Jij bent er rond [REMOVED] dan vanavond toch?,1,"You'll be around [REMOVED] tonight, won't you?"
117682,Dus ik moet de laatste trein pakken,1,So I have to catch the last train.
117683,;p vanavond wel weer in nimma,1,;p again tonight in nimma
117686,"Hey sinan, sorry als ik je wakker maak, maar ik wilde vragen wat jij doet.. Ik rij over iets van een half uurtje weg naar [REMOVED] weer. Blijf jij nog een nachtje in [REMOVED]?",1,"Hey sinan, I'm sorry to wake you up, but I wanted to ask you what you're doing... I'm driving away to [REMOVED] again in about half an hour. Are you staying another night in [REMOVED]?"
117687,"Hoe laat, waar?",1,"What time, where?"
117690,wij gaan gewoon vreten dus zien je wel verschijnen x,1,We're just gonna eat so you're gonna show up x
117691,Hoelaat denk je thuis te zijn/ben je er bijna?,1,What time do you think you'll be home/are you almost there?
117698,Hoe laat ben je bij val?,1,What time are you down?
117700,Maandag kunnen we ook komen:),1,Monday we can also come:)
117701,Samen fietsen?,1,Bike together?
117702,Nee tot half elf. Daarna nog met de trein naar huis,1,"No until 10:30, then take the train home."
117703,"Ik zou vanavond na toneel naar m'n ouders gaan, morgenochtend een afspraak in [REMOVED]. Ik hoop dat ik nu even kan slapen en dan op wonderbaarlijke wijze meteen weer beter kan worden zodat ik alsnog weg kan vanavond...",1,"I was supposed to go to my parents after theater tonight, an appointment in [REMOVED] tomorrow morning. I hope that I can sleep now and then miraculously get better immediately so that I can still leave tonight..."
117704,Kan mam/pap me over wen halfuurtje komen halen maybe?,1,Can Mom and Dad come get me in half an hour?
117710," [REMOVED] we doen na diplomauitreiking met naar lidl gaans, die is tot [time] open, smam heeft vanmiddag de auto nodig ",1,"[REMOVED] We do after graduation with lidl gans, which is open until [time], smam needs the car this afternoon"
117717,"Hee, hoe was je week? Ja [REMOVED] is wat mij betreft prima, mn trein is er ook om [REMOVED] als t goed is ;) Die uit [REMOVED] ook of niet?",1,"Hey, how was your week? Yes [REMOVED] is fine as far as I'm concerned, my train is also there to [REMOVED] if it is good;) The one from [REMOVED] too or not?"
117719,Is er morgenavond ook iemand? Ik eet bij [REMOVED] want zijn huisgenoot is een weekend weg en hij heeft ook katten...,1,Is there anyone there tomorrow night? I eat at [REMOVED] because his roommate is away for a weekend and he also has cats...
117721,Cool cultuurcafe over [REMOVED] min?,1,Cool culture cafe about [REMOVED] min?
117723,Niet voor vier uur liefst :p,1,Not for four hours preferably:p
119155,"Maar woensdag kom ik denk ik wel even langs, ook al is mijn hulp dan niet echt nodig",1,"But I think I'll stop by on Wednesday, even though I don't really need my help."
119206, Moet ik anders straks voor je koken? ,1,Do you want me to cook for you later?
119230, Ben al klaar dus ben wel om [numerical_value] bij jou ,1,Already done so be sure to [numerical_value] with you
119235,Maar we gaan niet samen ik zie je morgen pas,1,But we're not going together. I'll see you tomorrow.
119259,Wij zijn ook iets later. Stappen nu op de fiets,1,We are also a bit later. Get on the bike now
119341, Half [numerical_value] ben je hier? ,1,Half [numerical_value] are you here?
119382,Ik moet gaan sorry tot morgen,1,I have to go. I'm sorry until tomorrow.
119429, Kom er zo aan ,1,Coming right up.
119559,Hoi liefje! Ik zit nu in de trein :). Ik zie jou vanavond :). Love you!,1,"Hi, honey! I'm on the train now:). I'll see you tonight:). Love you!"
119569,Kan jij vandaag afspreken,1,Can you meet today?
119650, Schrijf jij je in voor t gala zo? ,1,Are you signing up for the gala like that?
119653,Ik sta haast in afferden,1,I'm almost in afferden.
119667,Pap kan ik zo even op en neer kachelen naar afferden want ik heb mn oplader daar en ik heb m echt nodig voor morgen,1,"Dad, I can just go up and down stove for a while because I've got my charger there and I really need it for tomorrow."
119671,Heb je eraan gedacht dat ik vanavond gewoon mee eet,1,Have you thought about how I'm just gonna have dinner with you tonight?
119674,Rond 9 uur? Hoe laat wil je terug gaan?,1,What time do you want to go back?
119730,"Ik kom over een kwartiertje ofzo, ok? :)",1,"I'll be there in 15 minutes, okay?"
119764,We rijden om  vannacht weg,1,We'll drive out tonight.
119780,Geregeld je kan mee eten :),1,Arranged you can join us for dinner:)
119822,"Ik ga morgenochtend zwemmen, dus dan douche ik daar :)",1,"I'll go swimming in the morning, so I'll shower there:)"
119851,"Even ter info: ik ben vanavond naar m'n ouders en blijf daar morgen, maar ik zal zondagmiddag terug zijn dus kan ik  eten geven.",1,"Just so you know, I'll be at my parents' house tonight and I'll stay there tomorrow, but I'll be back Sunday afternoon, so I can feed you."
119949,Iris! Wat een geweldige dag om jarig te zijn :). Er is een kans dat ik tot 9 uur moet werken. Anders kom ik. Of vier je het s middags?,1,Iris! What a great day to be birthday :). There's a chance I'll have to work till 9:00. Otherwise I'll come. Or do you celebrate in the afternoon?
120005,"Hee, sorry ik kan morgen niet komen. Zelf heb ik de laatste tijd erg weinig geld en er is iets niet goed gegaan met loon van  waardoor we dit weekend echt geen geld hebben om naar  te komen. Normaal krijgt hij elke woensdag loon, maar deze week is er wat mis gegaan. Hij is er al achteraan gegaan maar ze kunnen er nu niets meer aan doen omdat het loon automatisch gaat. Hij krijgt zijn loon nu pas woensdag weer. Vind het echt heel jammer maar wij kunnen morgen niet langskomen. üòîsorry vind het echt heel erg jammer. We hebben geen geld voor de benzine of de trein.Wilde je wel weer graag zien. Zal ik anders binnenkort een keer doordeweeks naar je toekomen ?",1,"Hey, I'm sorry I can't come tomorrow. I haven't had a lot of money lately and there hasn't been anything good with pay that means we really don't have any money to come to this weekend. Normally, he gets paid every Wednesday, but this week something went wrong. He's already gone after it but they can't do anything about it now because the pay goes automatically. He gets his wages again only Wednesday. Do you really regret it but we can't come by tomorrow. Sorry. We don't have any money for the petrol or the train.Would you like to see it again."
120090,Rij nu terug,1,Drive back now
