id,text,label
116725,Ja k denk dat wij wel eerder klaar zijn. Was zondag ook,0
116726,Ik heb trouwens ook een samenvatting van dat boekje,0
116727,Ik kom speciaal voor jou supetvroeg naar het oosten!,1
116728,"Maar zelfs als ik kan blijven slapen, dan moet ik de volgende dag toch de trein om zeven uur hebben omdat ik moet werken Óêë",1
116729,Ligt eraan wanneer je m nodig hebt,0
116730,Wilde plannen dit weekend?,0
116731,Lol heb al [REMOVED] maanden niet gestofzuigd,0
116732,Op de offici√´le site (tenminste dat denk ik dat het is) staat eigenlijk op de meeste dagen beperkt beschikbaar.,0
116733,Tot morgenavond he (:,1
116734,Waar ben je dan,0
116735,"Zet [REMOVED] februari vast in je agenda, waarschijnlijk vier ik het dan",1
116736,Je kunt natuurlijk ook twee edities met elkaar vergelijken!,0
116737,[REMOVED] ja maar er zijn alleen maae zitplaatsen dus nee,0
116738,He gurl ik kom toch niet eten vanavond denk ik sorry,1
116739,"Haha ja die heb ik allemaal nu ingeleverd, heb alleen woensdag nog een tentamen en dan ga ik vanaf maandag aan mijn bachelorwerkstuk beginnen waaah...!",0
116740,Maarre hoe laat is laat eten dan? :p,1
116741,Is goed stuur ma gewoon naar hen!,0
116742,Nou ja we moeten vanavond maar even een beetje agenda's naast elkaar leggen zodat we een beetje weten hoe en wat van elkaar,0
116743,Weet niet waar zij werkte,0
116744,Cool! Ik zeg dat we erbij zijn (scoren we hopelijk meteen punten voor de dag erna),1
116745,Waarom ga je niet naar de dromennacht??üò≠üò≠,0
116746,Zal morgen even kijken,0
116747,Ik zit dit weekend enorm in de stress over een nota en een tentamen dus nee :(,0
116748,"Hey [REMOVED]. Waar hadden jullie die eerste tv gehaald, voordat ie werd omgeruild?",0
116749,Hoelaat vliegen we,0
116750,Ik had je vraag over chips nog niet gezien :p,0
116751,Je kan toch zien als je bericht aankomt dat je dus internet hebt üòú,0
116752,Ja:S . Had ze het belooft dan of vroeg je het net?,0
116753,Duurt ook nog wel eventjes,0
116754,"Heb ik ook niet, maar zal toch die kant op moeten komen hea. Moet morgen zeven uur beginnen",0
116755,"Het is hier best prima weer enzo, mam en pap vragen af en toe (lees: meerdere keren per dag) of ik nog iets van je gehoord heb enzo ;p hoe is t bij jou? Doe je foto's idd maar gewoon whappen, kunnen vattie und muttie ook meegenieten via mn telefoon heujj! ;p haha, wat ga je vandaag allemaal doen? Weer al beter dan maandag? Veel plezier nog! Xxxx",0
116756,Vroeg me af wat jouw plannen voor vanavond zijn,0
116757,Of iig een aantal dagen! ÓÅó,0
116758,Sjannieeee! Gaan wij vrijdag nou afspreken? :),1
116759,Zullen we morgen minecrfren,0
116760,We hadden toch vanavond afgesproken?,1
116761,Oh ja tuurlijk,0
116762,Loodgieterman is er woensdag om [REMOVED],0
116763,Vandaag moest ik mee naar een klant,0
116764,Maar ik zou ook het totaal aantal waarnemingen neerzetten bij n denk ik,0
116765,En daarna bleef hij praten,0
116766,zes uur werk,0
116767,Hoe laat,0
116769,"Nope ben al thuis, zou je de reader misschien woensdag mee kunnen nemen als we in [REMOVED] moeten zijn?",1
116770,Ooh tuurlijk [REMOVED],0
116771," Heb een frituurpan gekregen,  gaan zo frituren :) ",0
116772, Uhmm nu laatste pakket afgeven en dan nog.terug ,1
116773, Waarom wist je dan nie wa we moesten leren ,0
116774,heb er vandaag ook echt tyfuszin in lol,0
116775,Komende zaterdag wil je weer dat ik kom? vier uur gaat niet lukken. Smiddags kan ik wel en anders zondag,1
116776,Strand?,0
116777,Want misschien heb ik hem dan in de bioscoop gezien...,0
116778,"Haha, was het misschien ook wel :p maar het was leuk om te zien!",0
116779, En dan twee uur samenvatten ,0
116780,Mijn telefoon had gister alle fotos op deze na verwijderd (en wapp fotos gelukkig ook niet) maar dus dacht ik stuur ik ze gelijk kunnen jullie ook meegenieten,0
116781,Viel te proberen... Moet nog [REMOVED] kaartjes zien kwijt te raken :p,0
116782,Maandag heb ik loon,0
116783, Ja anderhalf uur gepraat ,0
116784, Jaa dan weer lekker samen slapen üòäüòä ,0
116785,Lijkt me prima tijd ;) waar meeten we? Bij jou?,1
116786,"Hee [REMOVED], ik hoor niet echt iets van m'n bestuursgenootjes dus misschien weet jij er iets over... Hoe staat het met de voorbereidingen voor het kamp?",0
116787,Mijn moeder is jarig dus heb de hele dag geen tijd gehad,0
116788,Alleen deze week hamster week,0
116789,*vroeg,0
116790,Ja ik had het gezien. Het staat er al een tijdje op.,0
116791,"Ik had vandaag dus die afspraak bij het medewerkersplein. Dus nu heb ik een pasje en een acount enzo, maar nu kan ik nog niet in epic, dus ik kan nog steeds niet met het onderzoek beginnen üòï",0
116792,Wanneer krijg je nou je nieuwe telefoon,0
116793, Morgen niet??? ,0
116794, Hoelaat ben je thuis? ,0
116795, Heb je wel een babyphone staan bij je kwartel üò≥? ,0
116796,Laat maar :p,0
116797,V neemt morgen trouwens dr vriendje mee naar [REMOVED] Potter,1
116798,Oke dan denken we aan elkaar morgen haha,0
116799,"Hee [REMOVED], [REMOVED] en ik hebben voor jou een folder van taalwetenschap (met alle mogelijke minoren daarin) en een folder van journalistiek. [REMOVED] neemt ze maandag voor je mee!",1
116800, Uhhm laat ik zo ff weten. Weet het niet precies ,0
116801, Vond je het vervelend over wat ik gisteren vroeg? ,0
116802,Zullen we dan in [REMOVED] afspreken?,1
116803,Hee [REMOVED]! Is om kwart voor negen vnv weer h√®,1
116804,'Laatste lesdag [REMOVED] [REMOVED]' bekijken op [REMOVED] - [website],0
116805,"O nee dat staat bij het tweede uur, [REMOVED]...",0
116806,Ik neem die artikelen maandag wel mee,0
116807, #dronkenopzaterdag #arbeider ,0
116808,Is altijd aanpoten maar we weten waar we het voor doen!,0
116809,Maar omdat hij zei dat het zon grote opdracht was en we daarom volgende week geen college hebben vod ik het gel,0
116810,Waar ben jij?,0
116811,Het is ju [REMOVED] ([REMOVED] bij jullie) en dit bericht wordt gewoon verstuurd als ik wifi heb :),0
116812, Stuurt marius ,0
116813,Hoelaat zijn jullie opgestapt?,0
116814,Dat eet ik wel donderdag dan want had nog niks gekocht,0
116815,woensdag [REMOVED] voorhuys?,1
116816,Waarvoor is dat?,0
116817,"Ben niet gaan zwemmen trouwens, was veel te moe.. Maar toen was het te laat om je nog te bellen",0
116818,Ja kwart voor een,0
116819,Hou jij dat vol op je krukken? Of zal ik beter morgen kijken als ik je heb weggebracht?,1
116820,"Nee maar even serieus, hoe laat komen jullie nu?",1
116821, Hoe laat maak jij t? ,0
116822,Prima! Heb je voldoende kunnen doen vandaag?,0
116823,Maar je hebt op vrijdagen niks daar?,0
116824,"Maar niet zeggen dat dat plekje speciaal voor hem is, dan gaat 'ie waarschijnlijk overal behalve daar liggen",0
116825,Hoe laat ben jij er?,1
116826,Waar en hoe laat? :p,0
116827,We moeten snel ff sushi gaan eten samen!!!,1
116828,Hoe laat is iets later?,0
116829,Waar ben je dan,0
116830, Iets eerder al ,1
116831,Jij hebt morgen toch [REMOVED] engels,0
116832,Ja neem de trein van kwart over,1
116833,Gister de hele dag zeiken,0
116834, Kut kabouter avond ,0
116835,Ligt er aan hoe laat we bij shabu shabu terecht kunnen,1
116836,En ik denk dat ik wel ga vanavond ben dr alleen rond half twee ,1
116837, [REMOVED] heeft gisteren waarschijnlijk iets in haar drankje gehad ,0
116838,Tot hoelaat zijn jullie er? Zijn jullie er nog?,1
116839,"[REMOVED] heeft de nacht goed doorstaan en zijn ogen gingen op commando open en dicht (maar daarna eerst niet meer terug open). Hij heeft ons wel echt aangekeken daarnet en voor ons gevoel herkende hij ons ook echt. Het lijkt alsof hij wil reageren op al die prikkels maar de inspanning kost hem veel moeite en met die buis kan hij natuurlijk ook nog niet praten. We laten hem nu weer even rusten, maar gaan zo nog naar hem toe. Vandaag krijgt hij voldoende bezoek, een collega van hem komt vanavond ook. Wij zijn echt dolgelukkig maar vinden het nog moeilijk wat we tegen hem moeten zeggen, want het is voor zo'n verder gezonde man natuurlijk erg moeilijk om gezond naar bed te gaan en hier zo wakker te worden.",0
116840,"Hoi jonathan. Ik heb een andere afspraak van kwart over drie tot kwart over drie en dan kan ik gelijk naar jou toe komen. Dus dan ben ik er ergens tussen half drie en kwart voor drie, ok?",1
116841,Hoe laat ben je uit vandaag?,0
116842,Doe ik morgenvroeg pas,0
116843,Vanavond....,0
116844,Ja is goed;) het handigste is een keer op een vrijdag,1
116845, Heb jij toevallig al m'n sleutels meegenomen? Kon m'n sleutels vanochtend niet vinden ,0
116846,Kan ik fleur morgen naar het werk brengen om zes uur?,1
116847,Waarom ben je niet hier? ÓêÅÓêÅ,0
116848,Nou ja heb deze twee weken tentamen dus volgende week ook nog druk en moet onderzoeksvoorstel voor bachelorwerkstuk inleveren dus das Superrr spannend Mja ... We'll see,0
116849,Ja had ik ook al gezien,0
116850,Morgen pas echt colleges,0
116851,Zie jullie donderdag,1
116852,Heb je il capitale humano trouwens al gezien?,0
116853, Wat doe jij vanavond ,0
116854,*week,0
116855,Moet ik wel even kijken hoelaat die rijdt,0
116856,"Hey [REMOVED], is er een beetje parkeerplek in de buurt van jouw huis? Ik kom misschien met de auto",0
116857, Tuurlijk lief. ,0
116858,Wat doe jij vandaag?,0
116859, Ben heel druk vandaag ,0
116860," Wil wel, maar moet doorstuderen en daarna [REMOVED] naar huis brengen ",0
116861,Nee hopelijk ben ik eerder haha,0
116862,"NoooÓêÉ, ze liggen hier niet meer, wat erg!als ik ze nog vindt laat ik het weten, maAR IK VREES het ergsteÓÑà",0
116863,Laat je weten of die saus lekker os?,0
116864,Waar is die kuttelefoon van je?,0
116865,"Hee [REMOVED],Hebben jij en [REMOVED] zin om morgenavond spelletjes te spelen met mij, [REMOVED], [REMOVED] en [REMOVED]? :)Xx",1
116866,Gisteravond,0
116867,Nee ik ga na de tijd avondeten,0
116868,Nee ik stuur ze,0
116869,"Hee , kan ik morgen bij jou mee-eten?",1
116870,Nou datumplanner is verstuurd hah,1
116871, Straks ,0
116872,.*    * .    . *    *.*          *          * * .    üåπ       .*    * .          .*         * . *Stuur dit hartje naar alle mensen die je een warm hart toedraagt in [REMOVED]. Je gaat vanavond goed nieuws krijgen als je [REMOVED] hartjes terug krijgt! üòò‚ù§‚ù§‚ù§,0
116873,Zou morgenaaf kunnen,1
116874,"Week van [REMOVED] oktober dus. Nou maandag kan ik de hele dag. Op dinsdag niet (van kwart voor tien tot half vier college), op woensdag heb ik van kwart voor een tot half zes: kan dus van half elf tot kwart over twaalf. Op donderdag vanaf elf uur (maar dan werk ik dus 's middags bij het ssgn normaal gesproken) en op vrijdag kan ik tot kwart over twee.",1
116875,En wanneer ga jij nou op vakantie [REMOVED]?,0
116876,"Ik dacht eerder aan een uur of [REMOVED], [REMOVED]",1
116877,"Haha ja doe maar :) we kunnen ook gewoon een uurtje ergens wat gaan drinken, maakt me niet uit ;)",1
116878,Nee achja we zien t wel,0
116879,Kun je me vertellen wat ik moet doen straks voor KKW?,0
116880,hoe laat ben je. Hier,0
116881,"[REMOVED], [REMOVED], [REMOVED] en vijf uur",0
116882,Reageer ff op m'n laatste swhatt's app;),0
116883,Hoe laat spreken we af en waar? Van tevoren nog even bij iemand zitten? (ik heb nog van dat blue cura√ßao spul dat op mag),1
116884,En je laat die [REMOVED] vrienden nu niet in de steek als je met ons komt wonen?,0
116885,Ik moet uitkijken dat ik niet ga foeteren tijdens de vergadering,0
116886,En de maandag de [REMOVED] 's avonds? (overdag ben ik bij de Dela trophy in Den Bosch),1
116887, Donderdag gaan we heel lang geile seks hebben üòò ,1
116888,Was donderdag dat jij en marjolein en ik rik willem.en gemma en moow naar ah gingen en toen zat ik zo bij gemma en zij helemaal zo van ik vraag me echt af wat dat vriendje van marjolein zou denken want ze is de hele tijd met mark enzo hahahah,1
116889,Vandaag naar het staatskindertehuis geweest...Vind-document in mogen zien...Niet heel cool als je adoptieverhaal iets anders is als je altijd hebt gedacht Óêì,0
116890,"Heb een leuke tekst voor jou... Lees maar Eens zien of dit werkt. Lieve god het meisje dat dit leest is mooi, klassevol, sterk, prachtig karakter, betrouwbaar en lief.Help haar leven tot het einde en bescherm haar wanneer ze het meest nodig heeft en laat haar weten dat als ze met jou loopt dat ze altijd veilig zal zijn.Nu begint de tijd te tikken.Over negen minuten zal jou iets opvrolijken maar jij moet tegen negen dames hetzelfde zeggen met mij inclusief xxxx gewoon doen het kan zeker geen kwaad!!! xxx je bent mooi!en super lief sgatjee xx morgen zullen twee jongens zeggen; mag ik je nummer? of heb je een vriendje? verzend dit bericht naar [REMOVED] meisjes of ongeluk start voor een heel jaar. dit is niet nep. waarschijnlijk als je dit bericht kopieÔøΩrt en dit verstuurt zal je morgen de beste dag van je leven hebben. je zal ook gekust worden of uitgevraagd worden, als je deze ketting verbreekt zal je een dood meisje vanavond in je kamer zien. in [REMOVED] minuten zal iemand zeggen dat die van je houdt, het spijt me of ik wil met je uitgaan, je tijd begint nu..?‚ù§‚ù§",0
116891,Dus eerst [REMOVED] B dan tussenuur endab [REMOVED]?,0
116892,"Ik heb morgenavond vrij, ga ik eens zoeken",0
116893,"Hahahaha, wat willen we sowieso niet zien? Mss gaat dat makkelijker.. ;p",0
116894,"Maar ik moet mijn lichaam helaas naar een andere bestemming begeven, daarom groet ik u gedag",0
116895,Is echt duur,0
116896,"Ja, maar komt volgende week woensdag uit bij jou zegmaar? ÓêÖ",0
116897,Wat krijg je voor je verjaardag?,0
116898,Zeg maar hoelaat je wil,0
116899,"Maakt me niet echt uit; ik zet Marloutje af op n feestje maar die maakt t ook niet uit hoe laat en anders kon ze bij een vriendin terecht, dus zegt u het maar mevrouw ÓêÖ",1
116900,"[REMOVED] heeft me gisteravond nog gemaild, hij gaat naar een conferentie dus kan voorlopig niet helpen alleen via email",0
116901,Zou ook niet weten waar ik vleugeltjes vandaan zou moeten halen,0
116902,"Ja ik kan je wel halen van het station, doen we meteen even boodschappen bij de [REMOVED]",1
116903,"Hi honey!!! Ik heb je foute pakkie al gezien..:P haha!! Hoer alles goed! Fijn dat het zo leuk is daar!! En Uuhmm.. Stuur jij ""likje"" naar [REMOVED] op [REMOVED]?! Hahaha!!!! Veel plezier nog en tot snel!! Dikke kus..!üíó",0
116904, Heb geen pc vandaag ,0
116905,Oke :) bedankt alvast haha! Oke! Zal ik dan water vandaag opzeggen als dat lukt?,0
116906,Structuur staat erop,0
116907,Ik ga vanavond eten in [REMOVED] denk ik en morgenmiddag samen met willemijn een middagje [REMOVED] in.,1
116908,En tot strakski wah!,1
116909, Over een uurtje ongeveer ,0
116910,Ik heb woensdag voor de [REMOVED] keer een date met Floyd,1
116911,En als het echt te snel gaat kan je dat natuurlijk ook tegen hem zeggen,0
116912,Hmm goeie... Ik twijfel nog of ik in [REMOVED] zal blijven maar wil sowieso wel naar een rommelmarkt,0
116913,Maandag bij dat feest,0
116914,Lange dag ook vandaag,0
116915,Waar denken jullie dat ik wegwerptentonderzeil kan kopen?,0
116916,Hoi liefje! Ik ben nu wakker. Ik mis je! Jij ook succes vandaag!,0
116917,Wij kregen van zo'n blokken waar je je antwoord in moest zetten en je mocht er niet buiten komen xD,0
116918,"Hey, wil je nog gaan vanavond?",1
116919,"Hey [REMOVED] zou jij misschien morgen die stekker weer mee kunnen nemen, want mijn telefoon laat niet op met een andere stekker. Ik kan wel een andere stekker voor jou meenemen. Misschien dat die combinatie wel werkt.",1
116920,[REMOVED] viert inderdaad dan haar verjaardag,0
116921,Ja! Boodscgappn al voroge week genoeg gehaald,0
116922,"Mam, kun je straks als ik thuis kom een blouse voor me strijken?",1
116923,Heb je zin in zondag?,0
116924,"Check het morgenvroeg, dan ga ik naar nijmegen ",1
116925,Na afgelopen weekend,0
116926,Moet jij vrijdag niet gewoon werken?,1
116927, Je moet hem morgen activeren ,0
116928,Blijf maar even uit de buurt van de wc,0
116929,Had je die song gezien van charlotte waar ton ons in getagd had LOL,0
116930,Waar moet jij vandaag komen,0
116931,Oh de naam klinkt wel bekend trouwens.. Maar ik betwijfel of ik het ooit gezien heb,0
116932,Ben morgenmiddag wel thuis,1
116933,"Je moet ""wifi in de trein"" hebben en dan naar ""www.nstrein.ns.nl"" gaan en daar akkoord gaan met de voorwaarden",0
116934,Is goed dan fiets ik rond zeven uur aan oke?,1
116935,En dan samen,0
116936, Wanneer is sunset ,0
116937,Jammer. Wanneer dan wel?,0
116938,En iedere dag zelfde programma,0
116939,Er komt er nu een aan en dan pas over kwartier,0
116940,Dan gaan we wel samen naar de mac sjatt,1
116941,Lekker vroeg,0
116942,En dinsdagaaf,0
116943,We moeten juist wel samen een conclusie schrijven..,1
116944,kan jij vandaag spelen?,0
116945,Morgen eet ik bij [REMOVED]..,1
116946,Ik had laatst krieltjes voor [REMOVED]+[REMOVED] gratis maar het tweede zakje ga ik niet meer eten. Houdbaar t/m morgen. Wie wil mag het opeten :),0
116947,Hey! Hoe gaat het met de wandelaars? Weet je al ongeveer hoe laat jullie er zullen zijn?,1
116948,"Oh, heb je ze alleen naar de SVN gestuurd haha?",0
116949,[REMOVED] vertrekt vanavond om half 8 vanuit [REMOVED] richting [REMOVED] en haalt ons dan bij mij op tussen kwart voor 8 en 8 uur,1
116950,Inductie kook plaat,0
116951, Jaa met jou als ik je weer zien ,0
116952, Heb een fles jagermeister mee waar [REMOVED] en ik stiekem van aan t drinken zijn ,0
116953, Blijf je lang vanavond? ,0
116954, Niks vertellen. Waarschijnlijk komt hij vanavond na de activiteit pas thuis ,0
116955,Vrijdag zaterdag maandag dinsdag carnaval,1
116956, Ben er over half uurtje. Ongeveer ,0
116957,.*    * .    . *    *.*          *          * * .    üåπ       .*    * .          .*         * . *Stuur dit hartje naar alle mensen die je een warm hart toedraagt in [REMOVED]. Je gaat vanavond goed nieuws krijgen als je [REMOVED] hartjes terug krijgt! üòò‚ù§‚ù§‚ù§,0
116958, Nog een uurtje en dan de trein in ,1
116959,"Als ik pfeiffer heb, hoor ik t morgen, anders moet ik dinsdag bellen voor de uitslagen",0
116960,Zullen we het dan deze week uitprinten?,0
116961,Of het essay moet zwaar tegenvallen,0
116962,Ik ben zo dom geweest om m'n fiets op [REMOVED] te zetten terwijl ik morgen vanaf [REMOVED] naar De [REMOVED] kom dus ik had hem bij [REMOVED] willen zetten...,1
116963,Ojaa ik stuur hem nu door,0
116964,Heyy maakt nie uit.. mooi dat ie is overgehuisd.. zeg jij maar wanneer je kunt/wilt want ik kan licht.. ÓÑÖ,0
116965,Ben er waarschijnlijk iets later dan half elf,1
116966,Kunnen we niet 's middags eraan werken?,1
116967,Zeg gewoon waar ik over twijfel en dan moet het goed komen...,0
116968,"""dat loop IK al sinds vorige week te zeggen""",0
116969,"Het eerste woord wat in me opkomt als ik lees wat er op de site van Radio Markant staat is; gerechtigheid. Want wat Menke en [REMOVED] Groenewegen samen met hun dochter [REMOVED] en haar vriendin [REMOVED] ons, het team van de MC Donald‚Äôs in [REMOVED] en [REMOVED] heeft geflikt is op zijn minst misselijkmakend.",0
116970,Dus ik weet niet hoelaat ik dan thuis ben,1
116971,Hoe laat ga je weer weh?,0
116972,Moet ik met haar mee heen rijden of kan pap/mam me bij het busstation komen halen?,1
116973, Merken het van de week wel ,0
116974, Je mag wel blijven slapen vanavond ,1
116975,Mag ik dan een andere dag langskomen voor je verjaardag?,1
116976,Dus als ik zin heb dan doe ik dat morgen en dan stuur ik het je,0
116977,"Nee eum, als je daar rechts gaat (waar ik dus heen ging), heb je op een gegeven moment een parkeerplaatsje rechts",0
116978,Haha weet ik maar dit is mijn laatste poging om je toch nog mee te krijgen,0
116979,(doelend op koen natuurlijk :( ),0
116980,Ik heb echt zin in volgend jaar,0
116981,Was je weer ziek vandaag,0
116982,Haha en dan om acht uur 'snachts met je slappe zaadlul tegen het schaambeen van bejaarde lopen butsen terwijl je de volgende dag gwn naar school moet,0
116983,Ja tuurlijk man,0
116984, Klote avond ,0
116985,Is die opdracht vast voor volgende week ofzo,0
116986,Wanneer gaat ze nou fietsen?,0
116987,Hoe laat ben je hier,0
116988,Want donderdag is mitchel er ook:p,1
116989,Dat wou ik ook zien,0
116990, Hoe laat ben je morgen terug denk je? ,1
116991, Ben ingepland om morgen te werken ,0
116992,Haha ja ik weet nog dat ik dat zei maar wanneer... Sowieso meer dan [REMOVED] maand geleden,0
116993, Ga je ook naar ouderdag? üòÅ ,1
116994,[REMOVED]! Wat zullen we afspreken voor zaterdag?,1
116995,Waar over,0
116996,"Ja goed, ik begin donderdagavond in de tempelier op 'proef' ",1
116997, Morgen misschien weer üòá ,0
116998,"Misschien, als 'ie de volgendekeer wel goed warm wordt kan je er een handdoek omheen doet die nog lekker naar 'ik kom uit de was' ruikt om de geur te onderdrukken",0
116999,"Jij bent morgen, woensdag, toch te eerste vrij fnie?",0
117000, Ga jij nog iets doen? Of ben je saai vanavond? ,0
117001,Oja das waar.. Dat dr ouders gescheiden zijn was ik al helemaal vergeten,0
117002,Ik probeer muziek te vinden die past bij een sc√®ne voor m'n audities.... De bovenbuurman zingt erdoorheen.,0
117003,"Ik heb alleen bericht gehad van je appje vanochtend, gister middag bleef m'n telefoon stil",0
117004,maakt mij nie uit.. uurtje of [REMOVED]/elf uur?,1
117005,Haha is goed hoor ik kom vnmiddag wel een keer,1
117006,Van het station,0
117007,En dacht ook aan heg boekenweekgeschenk en het verdwijnen van se komma,0
117008,Hoe laat stop jij met werken? Dan ga ik gewoon daarna pas in het excelbestand zetten wat ik gedaan heb,0
117009,Heb je lange dag vandaag trouwens? Of alweer thuis ofzo?,0
117010,Wat een lange dag zeg,0
117011, Vet zuur ,0
117012,Het is ook nog geen pasen. Ga je vanavond naar abba?,1
117013,Kunnen jullie vanavond misschien de statafel meenemen?,1
117014,Waar hoorde [REMOVED] dan bij centralen of geallieerden,0
117015,"Je ziet het niet heel goed, maar mijn aankopen van vandaag;)",0
117016,Laat morgen wel zien,0
117017, Kom jij nog naar de openingsmarkt? ,1
117018,ga nu sandbagnests plaatsen,0
117019, Laat je straks wel weten wat ik doe ,0
117020,Hee  ik heb het gevraagd en we zouden graag soep bij jullie komen eten:) is zondag goed? Knuffels,1
117021,Hoe ga jij naar saar er gaan toch geen bussen vanaf het station?,0
117022, Jaa tuurlijk wil ik dat ,0
117023,Aan de ene kant vind ik het heel lullig voor de organisaties die komen morgen maaar aan de andere kant vind ik de demonstratie ook belangrijk,1
117024,Heb je inmiddels al een outfit voor morgen?,0
117025,een uur half drie,0
117026, Vind mn structuur niet zo sterk üòÇ ,0
117027,Ik lig al een uur wakkerÓêë,0
117028,Den..üòû Ik kan niet mee vanavond.. Heb me net ziekgemeld.. I'm sorry.. Veel plezier vanavond!! Denk aan je!!üòò Xx,1
117029,Ik ben nog ff wat ophalen wat ik vergeten was bij de mac en dan kom ik naar het strand,1
117030,"Dingen ophangen doe ik half twaalf of later, hangt er vanaf... Mensen zouden me helpen maar nu laat niemand iets van zich horen dus geen idee. Als ik t in mn eentje ga doen, kom ik pas later",1
117031," Sorry gister verjaardag van nolan, beetje droeloe ",1
117032,Woensdag en donderdag vrij maar woensdag wel gesprek over whatsapp onderzoek,0
117033,"Neen. Toen jullie gingen , zijn sam en kevin ook gegaan. En een half uurtje daarna ben k ook gegaan.",0
117034,Kwart over [REMOVED] h√®,0
117035,Ben dinsdagavond bij m'n ouders... En dan donderdagavond pas weer terug,1
117036,Maar om [REMOVED] is het fucking druk en kan nu samen met bart,1
117037,[REMOVED] jullie zijn echt cute samen,0
117038,"Batt is bijna leeg maar ben zeven uur in nijm, kom wel langs je huis lopen goee",1
117039,Waar hebben jullie dan gegeten?,0
117040,Maar ik moet t toch printen voor vrijdag,0
117041,Nee nee ik moet het -eigenlijk- nog inkorten en nalezen en het nog heel interessant maken aangezien het nergens op slaat wat ik heb geschrevenÓÑÖ,0
117042,Parjeerplaats bijna,0
117043,Super kut we gaan nu fucking laat,1
117044,Maar moest even mee.. Vanavond weer in nimma,1
117045,Zag ik jou nou zondag met jochem appen?,0
117046,Ja.. Lekker samen slapen vanavond üòÅ,0
117047,Jaa maar waarop,0
117048, Heb een bericht gestuurd naar het bestuur van carolus ;) hopen dat ze het doen ,0
117049,Welke dag is dat,0
117050, Afgezien van je familie haha ,0
117051, Ik ga morgen wel naar statistiek üò© ,0
117052,Haha een toon laten  zien nog wel?,0
117053,Deze week,0
117054,Kwart voor [REMOVED],0
117055,Wat ik nog wou vragen: wat doe je morgenavond?,1
117056,Drm stuurde ze bij ons zonder wenkbrauwen denk ik hahaha,0
117057,Zon formulier invullen wat ze ons toen had toegestuurd,0
117058, Ja was vanochtend niet helemaal helder ,0
117059,Dat slaat eigenlijk ook nergens op haha,0
117060,"Het is volgens mij echt een leuke kerel, mooi als hij erbij komt! Het is niet alleen aan het bestuur om daarvoor te zorgen, vind dat de jeugd hierin ook een kleine taak heeft",0
117061,Zullen we dan samen eten woensdag? Met z'n [REMOVED] en?,1
117062, Hoelaat ga je naar huis? ,1
117063,"Ben thuis aan de studie, zie je tijdens college üòâ",1
117064,Vandaag mondelingen Nederlands. Morgen Vermeer. Nu dom genoeg nog wel op en meer naar [REMOVED] voor college.,1
117065,"Maar als hij net droog is, laat hem dan nog maar binnen hoor",0
117066,WAAROM REAGEERT JE NIET? IK ZIET TOCH BLAUWE VINKJES?!,0
117067,We moeten maar even zien haha,0
117068,Maar het duurt sowieso maar even en het heeft ook niet echt haast,0
117069,LAAT MAar,0
117070,Dus miss kunnen we samenfietsen,1
117071,"Ik ga ju naar de uni, als je zin hebt in koffie kwartiertje voor les let me know!",1
117072,Maar ja.. [REMOVED] avond genoten en de rest...,0
117073,Je muur...,0
117074, Hoe laat anytime? ,1
117075,En nu twijfel ik natuurlijk weerÓÑì,0
117076,Maar daarnaast lijkt t me wel beperkend voor jo,0
117077,Lekker dagje weggeweest met pa?,0
117078,Hoef dit weekend maar van [REMOVED] tot [REMOVED] te werken,1
117079,Hoelaat?,0
117080, Die laatste is heel vaag ,0
117081, Gegarandeerd lachen echt waar ,0
117082,Nee sorry net morgen moey ik wel eerste uur naar school,0
117083,Heb echt geen zin vandaag Mja geld verdienen h,0
117084,Waarheen?,0
117085,Schoenen kopen gaat niet door... Wat is het plan rond [REMOVED]? Is het ver reizen? Is het duur? Hoe laat zouden we terug zijn? Dan wil ik misschien toch wel mee,0
117086,Waar?,0
117087,Of ik de auto mee kan nemen vanavond üòò,0
117088,Dan ben je in de buurt üòú,0
117089,Is wel savonds ofc;),0
117090,Maar hij zei dat je kan komen wanneer je wilt en het duurt tot elf uur,0
117091,Stuur die blz eens,0
117092,Kunnen jullie me vanavond ophalen bij maud,1
117093,Maar het is bijna het einde van de avond,0
117094,Is goed! Onder de klok in het [REMOVED]? Dan kunnen we even vragen of het bestuurshok vrij is en anders zoeken we gewoon beneden ergens een plekje,1
117095,Ik ben helemaal vergeten je beschermers mee naar den helder te nemen üò±! Had je er haast mee? Want anders neem ik ze volgende week gewoon mee,0
117096, Moet morgen [numerical_value] uur op de soos zijn ,1
117097,"Tante maria belde me net trouwens, ome theo heeft nog geen idee hoelaat hij precies in cuijk is, maar ik moest m vrijdag maar bellen en zeggen waar ik precies stond wqnt anders kleine kans dat ik m zag",1
117098,En twee weken geleden had ze [REMOVED] zo weinig zuurstof als papa,0
117099,Ik eet bij m'n ouders en zou daarna met Kas boodschappen doen voor familieweekend maar die doet hij nu in z'n eentje,1
117100,Maar ze zei dat ze het vandaag af zou hebben,0
117101,Ja elke maand [REMOVED] he.,0
117102,Mijn ouders en broertje komen graag zondag op de thee. Zelf ben ik er vanavond of morgenochtend weer (etentje in [REMOVED] [REMOVED] dus misschien slaap ik bij [REMOVED]),1
117103,Heb je de auto nog nodig het weekend????,1
117104,Jij slaapt er vanavond?,1
117105, Waar ben je eten? ,0
117106,Weet ik niet precies. elf uur - half vier?,0
117107,"Als het leren een beetje oke gaat kom ik s avonds wel,",1
117108,Kijken veel vrouwen daarnaar?,0
117109,Eerder is wel leuk maar zeg maar wat jij wil,0
117110,"Heej, ja sorry was op stal en had m niet gehoord. Maandag ging wel prima. Ga morgen naar papa om vrijdagochtend vroeg weer naar de school te gaan.",1
117111, Kom je zo anders even langs? Samen eten? ,1
117112,Vrijdag voor de kwek is er de kwek-prom omdat het evenement al [REMOVED] jaar bestaat,1
117113,Nah beetje natte sneeuw de hele dag,0
117114, Hoelaat ben je er dan denk je? ,1
117115,Ja samen eten is ook leuk idd!!,0
117116,"Ik ben er rond 10, nu nog in [REMOVED] [REMOVED]. Maar jij bent er vanmiddag dus wel?",1
117117,Vertel morgen maar,0
117118, Jaa dat komt morgenüòâ ,0
117119,Carmel komt vanavond ook wil je mee?,1
117120,"Bah, echt zwaar irritant!",0
117121,Als je er bij nadenkt slaat het nergens op,0
117122,Zie jullie al samen in die keuken,0
117123,Poepje! Ik ga nu slapen. Ik hou van je! Ik zie jou overmorgen! üòò,0
117124,Samen fietsen? Tien voor tien coffeeshop?,1
117125,En dan stuur ik dat je terug vanavond oke?,0
117126,Dan kunnen we het papieren komende week voor de vakantie inleveren,0
117127,Wat een kut opdracht is literatuur,0
117128,Straks wordt je ontslagen haha,0
117129, Was een mooie avond! ,0
117130,Wat heb jij dit weekend?,0
117131,Het zijn iig allemaal.vrouwen voor zover ik kan zien ;,0
117132,Hoihoi hoe heet de collega van je vader die ook naar mannenweekend gaat?,0
117133,Is cool tot straks ;),0
117134,Dacht dat die andere [REMOVED] zouden samenkomen,0
117135, Vanavond mijn huis. Trek maar iets moois aan ,1
117136,Maar wist je ook dat V zeer veel last heeft van ochtendzieke,0
117137,Een pakketje bij de slijter halen voor iemand die zaterdag jarig is,0
117138,Waar ben je???,1
117139,"Hoi! Ik heb nu college van een mevrouw die [REMOVED] heet, waarom moet ik nu aan een orkaan denken?",0
117140,O haha heb niks gemerkt! Ja is snel gegaan h√®! Nee ik ga morgen ook niet! Nog even een extra dagje vrij h√®!,0
117141, Morgen heb ik trouwens dat gesprek ,1
117142,Kan je toevallig ook een uurtje later?,1
117143,Ik heb ook gewonnen vandag trouwes!ÓêÖ,0
117144,Waar gingen jullie heen dan?,0
117145,Waar was jij gisteren?,0
117146,Ik doe rond half zes boodschappen. Wie eet er mee vanavond?,1
117147,"Ik vroeg me iets af: je zei gister dat we geen gezamenlijke conclusie hoeven te schrijven, maar hoeven we dan ook geen eigen conclusie te schrijven aan het eind van iedere analyse? Waarin dan staat dat HH de maatschappij weerspiegelde?",0
117148, Hoelaat sta je op.? Ik morgen ook nog dingen doen ,0
117155,Ik heb een voorkeur voor donderdagavond,1
117158,Wat wil je afspreken? Wil je me morgen ochtend een berichtje sturen over hoe je je voelt en dan beslissen hoe of wat?,1
117160,Wilde je nog mee naar [REMOVED] vrijdag?,1
117162,Zeg maar. Dan laat ik ze morgen thuis of geef ik ze aan jeroen bij cc,1
117164,Maar dat neem ik zondag dan wel mee,1
117170,"Ok√© tot morgen dan, hoe laat zal ik er zijn?",1
117173,Daarna heb ik dan een date ;),1
117181,Nu met mn ouders in het airport hotel na vandaag beetje door [REMOVED] tr hebben gewandeld,1
117185," Chapper is geweest, [numerical_value] tent is al opgezet, briefjes doe ik dadelijk door de deur, jij kunt komen wanneer je wilt, wilde jij hier mee eten? Kipfilet bonen en aardappelen ",1
117193,Happy birthday [REMOVED]!! Hopelijk heb je een leuke en fijne dag al vandaag en tot vanavond! Xx,1
117194,Dinsdag rond [REMOVED]?,1
117196,Hoe laat ben je thuis?,1
117202,[REMOVED] vraagt om het voorstel van bij haar eten een week uit te stellen,1
117204,Heb je morgenavond tijd?,1
117208,Veilig terug in NL! Ik blijf zeer waarschijnlijk vannacht bij m'n ouders slapen en kom dan morgen richting [REMOVED],1
117212, Hoelaat zullen we doen? ,1
117213,Dan ben je er al vroeg toch?,1
117219, Moet straks.nog wel langs huis. Ben me sleutel en portemonnee Vergeten ,1
117220,Ik kan je wel meeten op het station als je wil?,1
117226,"Is het goed als ik morgen iets eerder kom, dat we iets meer tijd hebben? Half [REMOVED] ofzo?",1
117230,Tot morgen,1
117231,Vanmiddag als ik thuis ben,1
117236,Fietsen wij samen vnv?,1
117238, Half [numerical_value] trein of [numerical_value] uur? ,1
117239,Ik heb gisteren gesquasht en vanmorgen gezwommen en morgenmiddag ga ik hardlopen,1
117241,Waar wordt je afgezet,1
117243,Wanneer ga je richting stad?,1
117258,Helleuu! De laatste vakantie-uurtjes zijn aangebroken :'( Hoe laat pakken jullie morgenvroeg de trein? Xxx,1
117259,Moet je morgen nou al afrijden?,1
117264,Okeee ik ga morgen wel met zo'n bord lopen dat je aan kan trekken,1
117268,Misschien kunne we toch [REMOVED] samen fietse!!!,1
117270,He sander ik ga denk morgen naar die masterclass. Kw voor [REMOVED] bij cc[REMOVED] toch? ,1
117272,Ga je vanavond trainen? Ik ben niet thuis Moet werken. Xxx,1
117277,Ik kan vrijdag zowieso niet mee naar paardrijden,1
117278, Kan hier heen komen maar kan je niet voorzien van bier. Ben out of ammo ,1
117279,Doe ik straks ik moet nu werken,1
117280,"Ik was ernstig aan het kloten met het avondeten, de oven wilde niet warm worden, en toen ik mijn maaltje op had was het tijd om naar de kruidvat te fietsen om [REMOVED] op te halen voor  bandavonddingetje",1
117281,Kerstavond is altijd met ons drieen kadootjes.. en [REMOVED] januari vind mama geen fijne dag want dan moeten we de familie af..,1
117284,"Haaa zus,   jaa dat zal wel lukken haha :) en dankuwel, ben best bang stiekem, je krijgt de groetjes van oma die wel [REMOVED] zei dat je een schat van n keind was haha ÓÄé     wil je.trouwens even de naam van het hotel doorgeven? De ouders van shanice hebben m ook niet..    heeeel veel plezier, ik ben jalpers hoor ): en tot vrijdag xxxx Óêò",1
117285,"Hee! Gaan we woensdag samen naar dat feest of ga jij met mensen van campus in beeld [REMOVED]? Ik zag dat jij ook ging [REMOVED], mss kunnen we van tevoren wat afspreken. Xx",1
117295,Hoooi [REMOVED]! Hoe laat wilt u daten vanavond?,1
117298,vijf uur sta ik buiten hoor haha,1
117307,"Hai simoon, je hoeft niet op ons te wachten, wij zitten nu nog in de auto, zullen waarschijnlijk of precies om kwart voor daar zijn of ietsje later",1
117312, Ik rij nu naar duiven en daarna nog ff naar de soos met marius ,1
117317,"Heej, wat voor beleg heb jij allemaal nog maandag? Voordat [REMOVED] en ik dingen dubbel halen. Xxx",1
117320, Laat maar even weten als je er bent ,1
117325,Van hoe laat tot hoe laat ben je aan het fitnessen? Ik heb nl elf uur tot ongeveer elf uur afspraak,1
117328,Uur of acht?,1
117330,Ik hoef helemaal niet in leiden te zijn verder vandaag dus ik vind het handiger als ik thuis eet,1
117332,Hoe laat morgen? En moest naar [REMOVED] beukenlaan toch?,1
117334, Morgen weer lekker naar nijmegen meid. ,1
117335, Yo morgen treintje om half [numerical_value] ,1
117348,Want ik moet smiddags weer naar fleur voor die versieringen enzo,1
117350, Ben over een uurtje terug ,1
117352,We gaan eerst vergaderen en hebben om [REMOVED] gereserveerd. Als het al niet meer gezellig is bij de cocktails kan ik als je nog niet in bed ligt ook nog bij je thuis langskomen als je wilt. Zien we vanavond wel,1
117358,Zin om met mij te eten vanavond?,1
117361,"Prima hoor, ik kook wel wat. Kan je vanuit het station gelijk mijn kant op en dan staat het eten klaar üòÅ",1
117363,Maar jammer dat ik je niet zie vanavond!,1
117367,[REMOVED] is om tien uur op [REMOVED] centraal.. Zullen we daarheen gaan? dan kunnen we niet verdwalen,1
117371,"We willen al om [REMOVED] de bus hebben. En [REMOVED] gaat ook mee :pMaar ik vind het leuk als je meegaat, al vind ik wel dat we dan ergens volgende week alsnog wel moeten tee√´n of zo.",1
117380,"Hoi mop! Hoe is het daar? Ik zit nu in de trein naar werk. Ben maar beetje eerder, moet nog eea doen. Ik heb trouwens de laptop helemaal voor je opgeladen mocht je breaking bad willen kijken",1
117382,"Hey, fijne vakantie gehad? Ik heb mijn tentamen toch nog gehaald met een [REMOVED] en een opdracht die ik in moest leveren met een [REMOVED] :) Zeg je het ook tegen ons mam? Tot zaterdag xx",1
117386,Je bent welkom vanaf vroeg in de ochtend ;),1
117391,"Hee [REMOVED]! Ik weet niet waar op de wereld je bent, maar mocht je thuis zijn, zullen we dan binnenkort samen eten? Ik ben benieuwd naar de [REMOVED]! :)",1
117395, Ik denk wel dat ik vanavond nog.blijf ,1
117396,Hoe laat ben je hier? [REMOVED] of zo?,1
117398, Morgen chill dagje met [REMOVED] ,1
117413,Mama ik ga zondag trouwens om [REMOVED] vakantie bespreken bij maud,1
117414,"Doe ik, ik zie je morgen!",1
117417, Ja ik kom naar nijmegen straks ,1
117419,[REMOVED]. Hadden we om drie uur afgesproken of om hwlf [REMOVED]?,1
117424,Moet zelf op donderdag iets inleveren waarvan ik dacht dat het op woensdag moest... Maar de extra tijd kan ik misschien goed gebruiken dus dan is voor mij spelletjes op vrijdag beter,1
117434,Ga jij wel naar [REMOVED] zaterdagavond?,1
117438,"Ok√©, dinsdag om vijf uur?",1
117439,Wat gaan jullie vandaag nog doen?,1
117442, Maar kan ook even smiddags naar jou komen ,1
117450,Jaa savonds,1
117457,"Ok, ik zal het zo opnieuw opsturen. Ik ben nu namelijk niet thuis, maar in een half uurtje wel weer.",1
117458,Prima. Overdag naar rijksmuseum?,1
117461,Hee! Het plan is om in de week van [REMOVED] juni iets af te spreken. Dan bespreek ik eerst dingen met je en later in de week wilden we vergaderen met het huidige en nieuwe bestuur samen. Ben je er die week?,1
117465,Ik ga vroeg de bieb in morgen! ,1
117466, Laat maar weten als je er bent ,1
117468,Dus vanavond eten in den haag? Of morgen lunch oid,1
117470,Ik kan morgen ook niets doen want moet werken,1
117474,Nou [REMOVED] ik ben inmiddels in de stad :D we staan nu nog op koningsplein,1
117481,Heb me helemaal verslapen dus ben echt pas half negen daar laat t dan wel weten ,1
117482,We zien jullie vanavond dan gewoon!,1
117486,En je hebt geluk dat jullie er niet zijn vanavond anders had ik je wakker gemaakt om me te brengen,1
117493,We hebben een appartementje gehuurd en daar ben ik nu,1
117496,Open dag op han met [REMOVED]. Voor zijn master,1
117502,"Nee we hebben het niet kunnen vinden! Maar zal de komende dagen nog rondvragen :) Koortslip is trouwens niet gekomen, heel raar maar gelukkig. Het was een citroen [REMOVED] geworden. Leuk autootje ;) Lekker rondgereden en veel van het eiland gezien. Morgen gaan we met de boot mee dus ben benieuwd! En jij lekker vakantieeee! Lekker he! Alvast een heeeele fijne vakantie als ik je niet meer spreek maar we appen! Groetjes daar xxx",1
117504,"Hoi jonathan! Ik kan vandaag eerder komen als je wil, ik ben vanaf nu vrij. Laat maar weten!",1
117505,Dinsdag eten bij [REMOVED] toch?,1
117507,"Wanneer zullen we koffie doen? Ik ben dinsdag overdag ineens onverwacht vrij, is dat iets?",1
117510,kan jij afspreken,1
117513,"Je moet trouwens zo maar je fiets op het station laten staan of voor poppedijn parkeren, het is hier er druk",1
117518,Kunnen we woensdag trouwens niet in de kelder?,1
117521, Heb woensdag ochtend een afspraak ,1
117522,Wanneer housewarming?,1
117523,Maar goed ben dus half uur later ,1
117527,Vanavond maar? Ben het helemaal vergeten üò≥,1
117532,"Ja hoor, denk dat ik morgen pas naar [REMOVED] ga dus mail maar",1
117533,[REMOVED] en ik borrelen nog even straks,1
117538,Maat vind je het goed als we morgen wat gaan drinken. Wil nog even iets afkrijgen en moet vanavond naar barneveld. ,1
117539,Ooh shit ik vergeet alleen helemaal dat ik morgen me rijexamen heb om die tijd ,1
117551,Ik zo ook dus slaap lekker tot morgen!,1
117553,Ik ga nu slapen. Ik app je morgen wel over hoelaat ik langskom,1
117564,Waar ben jij,1
117565,Hee [REMOVED]! Hoe issie?? Ben jij van plan morgen naar dat hoorcollege van [REMOVED] te gaan?,1
117569, Laat maar weten hoelaat je er bent schat ,1
117575,"Hee, ik ben denk ik de [REMOVED] t/m de [REMOVED] weer even in [REMOVED].En: vinden jullie het ok√© als ik op zaterdag [REMOVED] januari in de middag m'n familie uitnodig om m'n verjaardag te vieren en te laten zien waar ik woon?",1
117578,Heeee! Eum hoe laat is dat? Ik wil wel namelijk!,1
117579,Vanavond naar die NSN-shit?,1
117581,En dinsdag klinkt zeker goed ,1
117582,Ik bedoel natuurlijk tot straks!! X,1
117588,"Ben je workie workie? Ik dacht anders kunnen we record store day, speciale plaatjes vinden enzo",1
117590, Wanneer ga jij dan? ,1
117594,Ik ben morgen thuis,1
117595, Ga er over een half uurtje heen ,1
117599,"Nog beter idee, kom woensdagavond mijn auto maar halen, dan kinnen we donderdagochtend hier beneden afspreken....",1
117601, Jij bent morgen gewoon hele dag thuis? ,1
117603,Nee! Zal ik dan daarna nog even echt langskomen?,1
117605,Ik ben donderdag zo'n beetje de hele dag in [REMOVED] ben jij daar dan toevallig ook? [REMOVED] en ik gaan na het avondeten richting [REMOVED],1
117616, App maar hoelaat je naar huis gaat ,1
117617,Ok!! Tot strakss!! Zxxxx,1
117620,Hoe laat zullen we doen,1
117623,Het wordt twaalf uur voor mij:p zit net in de trein! ,1
117626,Hoe laat wilden jullie gaan?,1
117628,[REMOVED] maart twaalf uur en dan spreken we dan voor de week erna wel af,1
117631,Hoi liefje! Super goed! Ik ben nu ajax aan het kijken :). Weet je al hoe laat je thuis ben?,1
117634,"Heej [REMOVED], ga je vanavond ook naar de les? Zo ja, zou ik dan weer mee kunnen rijden? Groetjes, iris",1
117635,Vrijdag weer naar jou ;-),1
117637, Ben er met de vrijmibo. Maar straks nog even studeren dus ben al weer weg als jij er bent ,1
117641,Ik haal [REMOVED] straks wel ff op van de bushalte,1
117642,"[REMOVED], we hebben mentoruur",1
117646,Waar ging je nou heen op zondag?,1
117648,Dan zie ik je donderdag wel Óêï,1
117659,dus zou op zn vroegst vijf uur in maastricht kunnen zijn,1
117662,En dan vanavond even met jou en dilara stress-relief,1
117663,En elke tweede zaterdagochtend van de maand doen we duopaaldansen,1
117667, Ga je daarna nog borrelen? ,1
117669,Ojaa vrijdagavond kunnen we mss wat gaan drinken met michelle en nog een paar?,1
117670,"[REMOVED], vind je het ok√© om komende week in de kelder te overnachten? Dat geeft ons allebei wel wat meer ruimte voor onszelf. Ik overleg even of je de sleutel kunt krijgen, dan kun je gewoon in en uit wanneer je wilt.Welke nachten wilde je ook alweer blijven?",1
117675, Maarja dan kan ik pas [numerical_value] uur ofzo in eindhoven zijn ,1
117679,Jij bent er rond [REMOVED] dan vanavond toch?,1
117682,Dus ik moet de laatste trein pakken,1
117683,;p vanavond wel weer in nimma,1
117686,"Hey sinan, sorry als ik je wakker maak, maar ik wilde vragen wat jij doet.. Ik rij over iets van een half uurtje weg naar [REMOVED] weer. Blijf jij nog een nachtje in [REMOVED]?",1
117687,"Hoe laat, waar?",1
117690,wij gaan gewoon vreten dus zien je wel verschijnen x,1
117691,Hoelaat denk je thuis te zijn/ben je er bijna?,1
117698,Hoe laat ben je bij val?,1
117700,Maandag kunnen we ook komen:),1
117701,Samen fietsen?,1
117702,Nee tot half elf. Daarna nog met de trein naar huis,1
117703,"Ik zou vanavond na toneel naar m'n ouders gaan, morgenochtend een afspraak in [REMOVED]. Ik hoop dat ik nu even kan slapen en dan op wonderbaarlijke wijze meteen weer beter kan worden zodat ik alsnog weg kan vanavond...",1
117704,Kan mam/pap me over wen halfuurtje komen halen maybe?,1
117710," [REMOVED] we doen na diplomauitreiking met naar lidl gaans, die is tot [time] open, smam heeft vanmiddag de auto nodig ",1
117717,"Hee, hoe was je week? Ja [REMOVED] is wat mij betreft prima, mn trein is er ook om [REMOVED] als t goed is ;) Die uit [REMOVED] ook of niet?",1
117719,Is er morgenavond ook iemand? Ik eet bij [REMOVED] want zijn huisgenoot is een weekend weg en hij heeft ook katten...,1
117721,Cool cultuurcafe over [REMOVED] min?,1
117723,Niet voor vier uur liefst :p,1
119155,"Maar woensdag kom ik denk ik wel even langs, ook al is mijn hulp dan niet echt nodig",1
119206, Moet ik anders straks voor je koken? ,1
119230, Ben al klaar dus ben wel om [numerical_value] bij jou ,1
119235,Maar we gaan niet samen ik zie je morgen pas,1
119259,Wij zijn ook iets later. Stappen nu op de fiets,1
119341, Half [numerical_value] ben je hier? ,1
119382,Ik moet gaan sorry tot morgen,1
119429, Kom er zo aan ,1
119559,Hoi liefje! Ik zit nu in de trein :). Ik zie jou vanavond :). Love you!,1
119569,Kan jij vandaag afspreken,1
119650, Schrijf jij je in voor t gala zo? ,1
119653,Ik sta haast in afferden,1
119667,Pap kan ik zo even op en neer kachelen naar afferden want ik heb mn oplader daar en ik heb m echt nodig voor morgen,1
119671,Heb je eraan gedacht dat ik vanavond gewoon mee eet,1
119674,Rond 9 uur? Hoe laat wil je terug gaan?,1
119730,"Ik kom over een kwartiertje ofzo, ok? :)",1
119764,We rijden om  vannacht weg,1
119780,Geregeld je kan mee eten :),1
119822,"Ik ga morgenochtend zwemmen, dus dan douche ik daar :)",1
119851,"Even ter info: ik ben vanavond naar m'n ouders en blijf daar morgen, maar ik zal zondagmiddag terug zijn dus kan ik  eten geven.",1
119949,Iris! Wat een geweldige dag om jarig te zijn :). Er is een kans dat ik tot 9 uur moet werken. Anders kom ik. Of vier je het s middags?,1
120005,"Hee, sorry ik kan morgen niet komen. Zelf heb ik de laatste tijd erg weinig geld en er is iets niet goed gegaan met loon van  waardoor we dit weekend echt geen geld hebben om naar  te komen. Normaal krijgt hij elke woensdag loon, maar deze week is er wat mis gegaan. Hij is er al achteraan gegaan maar ze kunnen er nu niets meer aan doen omdat het loon automatisch gaat. Hij krijgt zijn loon nu pas woensdag weer. Vind het echt heel jammer maar wij kunnen morgen niet langskomen. üòîsorry vind het echt heel erg jammer. We hebben geen geld voor de benzine of de trein.Wilde je wel weer graag zien. Zal ik anders binnenkort een keer doordeweeks naar je toekomen ?",1
120090,Rij nu terug,1
