id,text,label
116725,Ja k denk dat wij wel eerder klaar zijn. Was zondag ook,0
116726,Ik heb trouwens ook een samenvatting van dat boekje,0
116727,Ik kom speciaal voor jou supetvroeg naar het oosten!,1
116728,"Maar zelfs als ik kan blijven slapen, dan moet ik de volgende dag toch de trein om vijf uur hebben omdat ik moet werken Óêë",1
116729,Ligt eraan wanneer je m nodig hebt,0
116730,Wilde plannen dit weekend?,0
116731,Lol heb al [REMOVED] maanden niet gestofzuigd,0
116732,Op de offici√´le site (tenminste dat denk ik dat het is) staat eigenlijk op de meeste dagen beperkt beschikbaar.,0
116733,Tot morgenavond he (:,1
116734,Waar ben je dan,0
116735,"Zet [REMOVED] februari vast in je agenda, waarschijnlijk vier ik het dan",1
116736,Je kunt natuurlijk ook twee edities met elkaar vergelijken!,0
116737,[REMOVED] ja maar er zijn alleen maae zitplaatsen dus nee,0
116738,He gurl ik kom toch niet eten vanavond denk ik sorry,1
116739,"Haha ja die heb ik allemaal nu ingeleverd, heb alleen woensdag nog een tentamen en dan ga ik vanaf maandag aan mijn bachelorwerkstuk beginnen waaah...!",0
116740,Maarre hoe laat is laat eten dan? :p,1
116741,Is goed stuur ma gewoon naar hen!,0
116742,Nou ja we moeten vanavond maar even een beetje agenda's naast elkaar leggen zodat we een beetje weten hoe en wat van elkaar,0
116743,Weet niet waar zij werkte,0
116744,Cool! Ik zeg dat we erbij zijn (scoren we hopelijk meteen punten voor de dag erna),1
116745,Waarom ga je niet naar de dromennacht??üò≠üò≠,0
116746,Zal morgen even kijken,0
116747,Ik zit dit weekend enorm in de stress over een nota en een tentamen dus nee :(,0
116748,"Hey [REMOVED]. Waar hadden jullie die eerste tv gehaald, voordat ie werd omgeruild?",0
116749,Hoelaat vliegen we,0
116750,Ik had je vraag over chips nog niet gezien :p,0
116751,Je kan toch zien als je bericht aankomt dat je dus internet hebt üòú,0
116752,Ja:S . Had ze het belooft dan of vroeg je het net?,0
116753,Duurt ook nog wel eventjes,0
116754,"Heb ik ook niet, maar zal toch die kant op moeten komen hea. Moet morgen negen uur beginnen",0
116755,"Het is hier best prima weer enzo, mam en pap vragen af en toe (lees: meerdere keren per dag) of ik nog iets van je gehoord heb enzo ;p hoe is t bij jou? Doe je foto's idd maar gewoon whappen, kunnen vattie und muttie ook meegenieten via mn telefoon heujj! ;p haha, wat ga je vandaag allemaal doen? Weer al beter dan maandag? Veel plezier nog! Xxxx",0
116756,Vroeg me af wat jouw plannen voor vanavond zijn,0
116757,Of iig een aantal dagen! ÓÅó,0
116758,Sjannieeee! Gaan wij vrijdag nou afspreken? :),1
116759,Zullen we morgen minecrfren,0
116760,We hadden toch vanavond afgesproken?,1
116761,Oh ja tuurlijk,0
116762,Loodgieterman is er woensdag om [REMOVED],0
116763,Vandaag moest ik mee naar een klant,0
116764,Maar ik zou ook het totaal aantal waarnemingen neerzetten bij n denk ik,0
116765,En daarna bleef hij praten,0
116766,twee uur werk,0
116767,Hoe laat,0
116769,"Nope ben al thuis, zou je de reader misschien woensdag mee kunnen nemen als we in [REMOVED] moeten zijn?",1
116770,Ooh tuurlijk [REMOVED],0
116771," Heb een frituurpan gekregen,  gaan zo frituren :) ",0
116772, Uhmm nu laatste pakket afgeven en dan nog.terug ,1
116773, Waarom wist je dan nie wa we moesten leren ,0
116774,heb er vandaag ook echt tyfuszin in lol,0
116775,Komende zaterdag wil je weer dat ik kom? vijf uur gaat niet lukken. Smiddags kan ik wel en anders zondag,1
116776,Strand?,0
116777,Want misschien heb ik hem dan in de bioscoop gezien...,0
116778,"Haha, was het misschien ook wel :p maar het was leuk om te zien!",0
116779, En dan twee uur samenvatten ,0
116780,Mijn telefoon had gister alle fotos op deze na verwijderd (en wapp fotos gelukkig ook niet) maar dus dacht ik stuur ik ze gelijk kunnen jullie ook meegenieten,0
116781,Viel te proberen... Moet nog [REMOVED] kaartjes zien kwijt te raken :p,0
116782,Maandag heb ik loon,0
116783, Ja anderhalf uur gepraat ,0
116784, Jaa dan weer lekker samen slapen üòäüòä ,0
116785,Lijkt me prima tijd ;) waar meeten we? Bij jou?,1
116786,"Hee [REMOVED], ik hoor niet echt iets van m'n bestuursgenootjes dus misschien weet jij er iets over... Hoe staat het met de voorbereidingen voor het kamp?",0
116787,Mijn moeder is jarig dus heb de hele dag geen tijd gehad,0
116788,Alleen deze week hamster week,0
116789,*vroeg,0
116790,Ja ik had het gezien. Het staat er al een tijdje op.,0
116791,"Ik had vandaag dus die afspraak bij het medewerkersplein. Dus nu heb ik een pasje en een acount enzo, maar nu kan ik nog niet in epic, dus ik kan nog steeds niet met het onderzoek beginnen üòï",0
116792,Wanneer krijg je nou je nieuwe telefoon,0
116793, Morgen niet??? ,0
116794, Hoelaat ben je thuis? ,0
116795, Heb je wel een babyphone staan bij je kwartel üò≥? ,0
116796,Laat maar :p,0
116797,V neemt morgen trouwens dr vriendje mee naar [REMOVED] Potter,1
116798,Oke dan denken we aan elkaar morgen haha,0
116799,"Hee [REMOVED], [REMOVED] en ik hebben voor jou een folder van taalwetenschap (met alle mogelijke minoren daarin) en een folder van journalistiek. [REMOVED] neemt ze maandag voor je mee!",1
116800, Uhhm laat ik zo ff weten. Weet het niet precies ,0
116801, Vond je het vervelend over wat ik gisteren vroeg? ,0
116802,Zullen we dan in [REMOVED] afspreken?,1
116803,Hee [REMOVED]! Is om kwart voor zes vnv weer h√®,1
116804,'Laatste lesdag [REMOVED] [REMOVED]' bekijken op [REMOVED] - [website],0
116805,"O nee dat staat bij het tweede uur, [REMOVED]...",0
116806,Ik neem die artikelen maandag wel mee,0
116807, #dronkenopzaterdag #arbeider ,0
116808,Is altijd aanpoten maar we weten waar we het voor doen!,0
116809,Maar omdat hij zei dat het zon grote opdracht was en we daarom volgende week geen college hebben vod ik het gel,0
116810,Waar ben jij?,0
116811,Het is ju [REMOVED] ([REMOVED] bij jullie) en dit bericht wordt gewoon verstuurd als ik wifi heb :),0
116812, Stuurt marius ,0
116813,Hoelaat zijn jullie opgestapt?,0
116814,Dat eet ik wel donderdag dan want had nog niks gekocht,0
116815,woensdag [REMOVED] voorhuys?,1
116816,Waarvoor is dat?,0
116817,"Ben niet gaan zwemmen trouwens, was veel te moe.. Maar toen was het te laat om je nog te bellen",0
116818,Ja kwart voor vijf,0
116819,Hou jij dat vol op je krukken? Of zal ik beter morgen kijken als ik je heb weggebracht?,1
116820,"Nee maar even serieus, hoe laat komen jullie nu?",1
116821, Hoe laat maak jij t? ,0
116822,Prima! Heb je voldoende kunnen doen vandaag?,0
116823,Maar je hebt op vrijdagen niks daar?,0
116824,"Maar niet zeggen dat dat plekje speciaal voor hem is, dan gaat 'ie waarschijnlijk overal behalve daar liggen",0
116825,Hoe laat ben jij er?,1
116826,Waar en hoe laat? :p,0
116827,We moeten snel ff sushi gaan eten samen!!!,1
116828,Hoe laat is iets later?,0
116829,Waar ben je dan,0
116830, Iets eerder al ,1
116831,Jij hebt morgen toch [REMOVED] engels,0
116832,Ja neem de trein van kwart over,1
116833,Gister de hele dag zeiken,0
116834, Kut kabouter avond ,0
116835,Ligt er aan hoe laat we bij shabu shabu terecht kunnen,1
116836,En ik denk dat ik wel ga vanavond ben dr alleen rond half vier ,1
116837, [REMOVED] heeft gisteren waarschijnlijk iets in haar drankje gehad ,0
116838,Tot hoelaat zijn jullie er? Zijn jullie er nog?,1
116839,"[REMOVED] heeft de nacht goed doorstaan en zijn ogen gingen op commando open en dicht (maar daarna eerst niet meer terug open). Hij heeft ons wel echt aangekeken daarnet en voor ons gevoel herkende hij ons ook echt. Het lijkt alsof hij wil reageren op al die prikkels maar de inspanning kost hem veel moeite en met die buis kan hij natuurlijk ook nog niet praten. We laten hem nu weer even rusten, maar gaan zo nog naar hem toe. Vandaag krijgt hij voldoende bezoek, een collega van hem komt vanavond ook. Wij zijn echt dolgelukkig maar vinden het nog moeilijk wat we tegen hem moeten zeggen, want het is voor zo'n verder gezonde man natuurlijk erg moeilijk om gezond naar bed te gaan en hier zo wakker te worden.",0
116840,"Hoi jonathan. Ik heb een andere afspraak van kwart over elf tot kwart over elf en dan kan ik gelijk naar jou toe komen. Dus dan ben ik er ergens tussen half elf en kwart voor elf, ok?",1
116841,Hoe laat ben je uit vandaag?,0
116842,Doe ik morgenvroeg pas,0
116843,Vanavond....,0
116844,Ja is goed;) het handigste is een keer op een vrijdag,1
116845, Heb jij toevallig al m'n sleutels meegenomen? Kon m'n sleutels vanochtend niet vinden ,0
116846,Kan ik fleur morgen naar het werk brengen om zes uur?,1
116847,Waarom ben je niet hier? ÓêÅÓêÅ,0
116848,Nou ja heb deze twee weken tentamen dus volgende week ook nog druk en moet onderzoeksvoorstel voor bachelorwerkstuk inleveren dus das Superrr spannend Mja ... We'll see,0
116849,Ja had ik ook al gezien,0
116850,Morgen pas echt colleges,0
116851,Zie jullie donderdag,1
116852,Heb je il capitale humano trouwens al gezien?,0
116853, Wat doe jij vanavond ,0
116854,*week,0
116855,Moet ik wel even kijken hoelaat die rijdt,0
116856,"Hey [REMOVED], is er een beetje parkeerplek in de buurt van jouw huis? Ik kom misschien met de auto",0
116857, Tuurlijk lief. ,0
116858,Wat doe jij vandaag?,0
116859, Ben heel druk vandaag ,0
116860," Wil wel, maar moet doorstuderen en daarna [REMOVED] naar huis brengen ",0
116861,Nee hopelijk ben ik eerder haha,0
116862,"NoooÓêÉ, ze liggen hier niet meer, wat erg!als ik ze nog vindt laat ik het weten, maAR IK VREES het ergsteÓÑà",0
116863,Laat je weten of die saus lekker os?,0
116864,Waar is die kuttelefoon van je?,0
116865,"Hee [REMOVED],Hebben jij en [REMOVED] zin om morgenavond spelletjes te spelen met mij, [REMOVED], [REMOVED] en [REMOVED]? :)Xx",1
116866,Gisteravond,0
116867,Nee ik ga na de tijd avondeten,0
116868,Nee ik stuur ze,0
116869,"Hee , kan ik morgen bij jou mee-eten?",1
116870,Nou datumplanner is verstuurd hah,1
116871, Straks ,0
116872,.*    * .    . *    *.*          *          * * .    üåπ       .*    * .          .*         * . *Stuur dit hartje naar alle mensen die je een warm hart toedraagt in [REMOVED]. Je gaat vanavond goed nieuws krijgen als je [REMOVED] hartjes terug krijgt! üòò‚ù§‚ù§‚ù§,0
116873,Zou morgenaaf kunnen,1
116874,"Week van [REMOVED] oktober dus. Nou maandag kan ik de hele dag. Op dinsdag niet (van kwart voor tien tot half vier college), op woensdag heb ik van kwart voor een tot half zes: kan dus van half elf tot kwart over twaalf. Op donderdag vanaf elf uur (maar dan werk ik dus 's middags bij het ssgn normaal gesproken) en op vrijdag kan ik tot kwart over twee.",1
116875,En wanneer ga jij nou op vakantie [REMOVED]?,0
116876,"Ik dacht eerder aan een uur of [REMOVED], [REMOVED]",1
116877,"Haha ja doe maar :) we kunnen ook gewoon een uurtje ergens wat gaan drinken, maakt me niet uit ;)",1
116878,Nee achja we zien t wel,0
116879,Kun je me vertellen wat ik moet doen straks voor KKW?,0
116880,hoe laat ben je. Hier,0
116881,"[REMOVED], [REMOVED], [REMOVED] en negen uur",0
116882,Reageer ff op m'n laatste swhatt's app;),0
116883,Hoe laat spreken we af en waar? Van tevoren nog even bij iemand zitten? (ik heb nog van dat blue cura√ßao spul dat op mag),1
116884,En je laat die [REMOVED] vrienden nu niet in de steek als je met ons komt wonen?,0
116885,Ik moet uitkijken dat ik niet ga foeteren tijdens de vergadering,0
116886,En de maandag de [REMOVED] 's avonds? (overdag ben ik bij de Dela trophy in Den Bosch),1
116887, Donderdag gaan we heel lang geile seks hebben üòò ,1
116888,Was donderdag dat jij en marjolein en ik rik willem.en gemma en moow naar ah gingen en toen zat ik zo bij gemma en zij helemaal zo van ik vraag me echt af wat dat vriendje van marjolein zou denken want ze is de hele tijd met mark enzo hahahah,1
116889,Vandaag naar het staatskindertehuis geweest...Vind-document in mogen zien...Niet heel cool als je adoptieverhaal iets anders is als je altijd hebt gedacht Óêì,0
116890,"Heb een leuke tekst voor jou... Lees maar Eens zien of dit werkt. Lieve god het meisje dat dit leest is mooi, klassevol, sterk, prachtig karakter, betrouwbaar en lief.Help haar leven tot het einde en bescherm haar wanneer ze het meest nodig heeft en laat haar weten dat als ze met jou loopt dat ze altijd veilig zal zijn.Nu begint de tijd te tikken.Over negen minuten zal jou iets opvrolijken maar jij moet tegen negen dames hetzelfde zeggen met mij inclusief xxxx gewoon doen het kan zeker geen kwaad!!! xxx je bent mooi!en super lief sgatjee xx morgen zullen twee jongens zeggen; mag ik je nummer? of heb je een vriendje? verzend dit bericht naar [REMOVED] meisjes of ongeluk start voor een heel jaar. dit is niet nep. waarschijnlijk als je dit bericht kopieÔøΩrt en dit verstuurt zal je morgen de beste dag van je leven hebben. je zal ook gekust worden of uitgevraagd worden, als je deze ketting verbreekt zal je een dood meisje vanavond in je kamer zien. in [REMOVED] minuten zal iemand zeggen dat die van je houdt, het spijt me of ik wil met je uitgaan, je tijd begint nu..?‚ù§‚ù§",0
116891,Dus eerst [REMOVED] B dan tussenuur endab [REMOVED]?,0
116892,"Ik heb morgenavond vrij, ga ik eens zoeken",0
116893,"Hahahaha, wat willen we sowieso niet zien? Mss gaat dat makkelijker.. ;p",0
116894,"Maar ik moet mijn lichaam helaas naar een andere bestemming begeven, daarom groet ik u gedag",0
116895,Is echt duur,0
116896,"Ja, maar komt volgende week woensdag uit bij jou zegmaar? ÓêÖ",0
116897,Wat krijg je voor je verjaardag?,0
116898,Zeg maar hoelaat je wil,0
116899,"Maakt me niet echt uit; ik zet Marloutje af op n feestje maar die maakt t ook niet uit hoe laat en anders kon ze bij een vriendin terecht, dus zegt u het maar mevrouw ÓêÖ",1
116900,"[REMOVED] heeft me gisteravond nog gemaild, hij gaat naar een conferentie dus kan voorlopig niet helpen alleen via email",0
116901,Zou ook niet weten waar ik vleugeltjes vandaan zou moeten halen,0
116902,"Ja ik kan je wel halen van het station, doen we meteen even boodschappen bij de [REMOVED]",1
116903,"Hi honey!!! Ik heb je foute pakkie al gezien..:P haha!! Hoer alles goed! Fijn dat het zo leuk is daar!! En Uuhmm.. Stuur jij ""likje"" naar [REMOVED] op [REMOVED]?! Hahaha!!!! Veel plezier nog en tot snel!! Dikke kus..!üíó",0
116904, Heb geen pc vandaag ,0
116905,Oke :) bedankt alvast haha! Oke! Zal ik dan water vandaag opzeggen als dat lukt?,0
116906,Structuur staat erop,0
116907,Ik ga vanavond eten in [REMOVED] denk ik en morgenmiddag samen met willemijn een middagje [REMOVED] in.,1
116908,En tot strakski wah!,1
116909, Over een uurtje ongeveer ,0
116910,Ik heb woensdag voor de [REMOVED] keer een date met Floyd,1
116911,En als het echt te snel gaat kan je dat natuurlijk ook tegen hem zeggen,0
116912,Hmm goeie... Ik twijfel nog of ik in [REMOVED] zal blijven maar wil sowieso wel naar een rommelmarkt,0
116913,Maandag bij dat feest,0
116914,Lange dag ook vandaag,0
116915,Waar denken jullie dat ik wegwerptentonderzeil kan kopen?,0
116916,Hoi liefje! Ik ben nu wakker. Ik mis je! Jij ook succes vandaag!,0
116917,Wij kregen van zo'n blokken waar je je antwoord in moest zetten en je mocht er niet buiten komen xD,0
116918,"Hey, wil je nog gaan vanavond?",1
116919,"Hey [REMOVED] zou jij misschien morgen die stekker weer mee kunnen nemen, want mijn telefoon laat niet op met een andere stekker. Ik kan wel een andere stekker voor jou meenemen. Misschien dat die combinatie wel werkt.",1
116920,[REMOVED] viert inderdaad dan haar verjaardag,0
116921,Ja! Boodscgappn al voroge week genoeg gehaald,0
116922,"Mam, kun je straks als ik thuis kom een blouse voor me strijken?",1
116923,Heb je zin in zondag?,0
116924,"Check het morgenvroeg, dan ga ik naar nijmegen ",1
116925,Na afgelopen weekend,0
116926,Moet jij vrijdag niet gewoon werken?,1
116927, Je moet hem morgen activeren ,0
116928,Blijf maar even uit de buurt van de wc,0
116929,Had je die song gezien van charlotte waar ton ons in getagd had LOL,0
116930,Waar moet jij vandaag komen,0
116931,Oh de naam klinkt wel bekend trouwens.. Maar ik betwijfel of ik het ooit gezien heb,0
116932,Ben morgenmiddag wel thuis,1
116933,"Je moet ""wifi in de trein"" hebben en dan naar ""www.nstrein.ns.nl"" gaan en daar akkoord gaan met de voorwaarden",0
116934,Is goed dan fiets ik rond vier uur aan oke?,1
116935,En dan samen,0
116936, Wanneer is sunset ,0
116937,Jammer. Wanneer dan wel?,0
116938,En iedere dag zelfde programma,0
116939,Er komt er nu een aan en dan pas over kwartier,0
116940,Dan gaan we wel samen naar de mac sjatt,1
116941,Lekker vroeg,0
116942,En dinsdagaaf,0
116943,We moeten juist wel samen een conclusie schrijven..,1
116944,kan jij vandaag spelen?,0
116945,Morgen eet ik bij [REMOVED]..,1
116946,Ik had laatst krieltjes voor [REMOVED]+[REMOVED] gratis maar het tweede zakje ga ik niet meer eten. Houdbaar t/m morgen. Wie wil mag het opeten :),0
116947,Hey! Hoe gaat het met de wandelaars? Weet je al ongeveer hoe laat jullie er zullen zijn?,1
116948,"Oh, heb je ze alleen naar de SVN gestuurd haha?",0
116949,[REMOVED] vertrekt vanavond om half 8 vanuit [REMOVED] richting [REMOVED] en haalt ons dan bij mij op tussen kwart voor 8 en 8 uur,1
116950,Inductie kook plaat,0
116951, Jaa met jou als ik je weer zien ,0
116952, Heb een fles jagermeister mee waar [REMOVED] en ik stiekem van aan t drinken zijn ,0
116953, Blijf je lang vanavond? ,0
116954, Niks vertellen. Waarschijnlijk komt hij vanavond na de activiteit pas thuis ,0
116955,Vrijdag zaterdag maandag dinsdag carnaval,1
116956, Ben er over half uurtje. Ongeveer ,0
116957,.*    * .    . *    *.*          *          * * .    üåπ       .*    * .          .*         * . *Stuur dit hartje naar alle mensen die je een warm hart toedraagt in [REMOVED]. Je gaat vanavond goed nieuws krijgen als je [REMOVED] hartjes terug krijgt! üòò‚ù§‚ù§‚ù§,0
116958, Nog een uurtje en dan de trein in ,1
116959,"Als ik pfeiffer heb, hoor ik t morgen, anders moet ik dinsdag bellen voor de uitslagen",0
116960,Zullen we het dan deze week uitprinten?,0
116961,Of het essay moet zwaar tegenvallen,0
116962,Ik ben zo dom geweest om m'n fiets op [REMOVED] te zetten terwijl ik morgen vanaf [REMOVED] naar De [REMOVED] kom dus ik had hem bij [REMOVED] willen zetten...,1
116963,Ojaa ik stuur hem nu door,0
116964,Heyy maakt nie uit.. mooi dat ie is overgehuisd.. zeg jij maar wanneer je kunt/wilt want ik kan licht.. ÓÑÖ,0
116965,Ben er waarschijnlijk iets later dan half vier,1
116966,Kunnen we niet 's middags eraan werken?,1
116967,Zeg gewoon waar ik over twijfel en dan moet het goed komen...,0
116968,"""dat loop IK al sinds vorige week te zeggen""",0
116969,"Het eerste woord wat in me opkomt als ik lees wat er op de site van Radio Markant staat is; gerechtigheid. Want wat Menke en [REMOVED] Groenewegen samen met hun dochter [REMOVED] en haar vriendin [REMOVED] ons, het team van de MC Donald‚Äôs in [REMOVED] en [REMOVED] heeft geflikt is op zijn minst misselijkmakend.",0
116970,Dus ik weet niet hoelaat ik dan thuis ben,1
116971,Hoe laat ga je weer weh?,0
116972,Moet ik met haar mee heen rijden of kan pap/mam me bij het busstation komen halen?,1
116973, Merken het van de week wel ,0
116974, Je mag wel blijven slapen vanavond ,1
116975,Mag ik dan een andere dag langskomen voor je verjaardag?,1
116976,Dus als ik zin heb dan doe ik dat morgen en dan stuur ik het je,0
116977,"Nee eum, als je daar rechts gaat (waar ik dus heen ging), heb je op een gegeven moment een parkeerplaatsje rechts",0
116978,Haha weet ik maar dit is mijn laatste poging om je toch nog mee te krijgen,0
116979,(doelend op koen natuurlijk :( ),0
116980,Ik heb echt zin in volgend jaar,0
116981,Was je weer ziek vandaag,0
116982,Haha en dan om acht uur 'snachts met je slappe zaadlul tegen het schaambeen van bejaarde lopen butsen terwijl je de volgende dag gwn naar school moet,0
116983,Ja tuurlijk man,0
116984, Klote avond ,0
116985,Is die opdracht vast voor volgende week ofzo,0
116986,Wanneer gaat ze nou fietsen?,0
116987,Hoe laat ben je hier,0
116988,Want donderdag is mitchel er ook:p,1
116989,Dat wou ik ook zien,0
116990, Hoe laat ben je morgen terug denk je? ,1
116991, Ben ingepland om morgen te werken ,0
116992,Haha ja ik weet nog dat ik dat zei maar wanneer... Sowieso meer dan [REMOVED] maand geleden,0
116993, Ga je ook naar ouderdag? üòÅ ,1
116994,[REMOVED]! Wat zullen we afspreken voor zaterdag?,1
116995,Waar over,0
116996,"Ja goed, ik begin donderdagavond in de tempelier op 'proef' ",1
116997, Morgen misschien weer üòá ,0
116998,"Misschien, als 'ie de volgendekeer wel goed warm wordt kan je er een handdoek omheen doet die nog lekker naar 'ik kom uit de was' ruikt om de geur te onderdrukken",0
116999,"Jij bent morgen, woensdag, toch te eerste vrij fnie?",0
117000, Ga jij nog iets doen? Of ben je saai vanavond? ,0
117001,Oja das waar.. Dat dr ouders gescheiden zijn was ik al helemaal vergeten,0
117002,Ik probeer muziek te vinden die past bij een sc√®ne voor m'n audities.... De bovenbuurman zingt erdoorheen.,0
117003,"Ik heb alleen bericht gehad van je appje vanochtend, gister middag bleef m'n telefoon stil",0
117004,maakt mij nie uit.. uurtje of [REMOVED]/een uur?,1
117005,Haha is goed hoor ik kom vnmiddag wel een keer,1
117006,Van het station,0
117007,En dacht ook aan heg boekenweekgeschenk en het verdwijnen van se komma,0
117008,Hoe laat stop jij met werken? Dan ga ik gewoon daarna pas in het excelbestand zetten wat ik gedaan heb,0
117009,Heb je lange dag vandaag trouwens? Of alweer thuis ofzo?,0
117010,Wat een lange dag zeg,0
117011, Vet zuur ,0
117012,Het is ook nog geen pasen. Ga je vanavond naar abba?,1
117013,Kunnen jullie vanavond misschien de statafel meenemen?,1
117014,Waar hoorde [REMOVED] dan bij centralen of geallieerden,0
117015,"Je ziet het niet heel goed, maar mijn aankopen van vandaag;)",0
117016,Laat morgen wel zien,0
117017, Kom jij nog naar de openingsmarkt? ,1
117018,ga nu sandbagnests plaatsen,0
117019, Laat je straks wel weten wat ik doe ,0
117020,Hee  ik heb het gevraagd en we zouden graag soep bij jullie komen eten:) is zondag goed? Knuffels,1
117021,Hoe ga jij naar saar er gaan toch geen bussen vanaf het station?,0
117022, Jaa tuurlijk wil ik dat ,0
117023,Aan de ene kant vind ik het heel lullig voor de organisaties die komen morgen maaar aan de andere kant vind ik de demonstratie ook belangrijk,1
117024,Heb je inmiddels al een outfit voor morgen?,0
117025,elf uur half zeven,0
117026, Vind mn structuur niet zo sterk üòÇ ,0
117027,Ik lig al een uur wakkerÓêë,0
117028,Den..üòû Ik kan niet mee vanavond.. Heb me net ziekgemeld.. I'm sorry.. Veel plezier vanavond!! Denk aan je!!üòò Xx,1
117029,Ik ben nog ff wat ophalen wat ik vergeten was bij de mac en dan kom ik naar het strand,1
117030,"Dingen ophangen doe ik half elf of later, hangt er vanaf... Mensen zouden me helpen maar nu laat niemand iets van zich horen dus geen idee. Als ik t in mn eentje ga doen, kom ik pas later",1
117031," Sorry gister verjaardag van nolan, beetje droeloe ",1
117032,Woensdag en donderdag vrij maar woensdag wel gesprek over whatsapp onderzoek,0
117033,"Neen. Toen jullie gingen , zijn sam en kevin ook gegaan. En een half uurtje daarna ben k ook gegaan.",0
117034,Kwart over [REMOVED] h√®,0
117035,Ben dinsdagavond bij m'n ouders... En dan donderdagavond pas weer terug,1
117036,Maar om [REMOVED] is het fucking druk en kan nu samen met bart,1
117037,[REMOVED] jullie zijn echt cute samen,0
117038,"Batt is bijna leeg maar ben drie uur in nijm, kom wel langs je huis lopen goee",1
117039,Waar hebben jullie dan gegeten?,0
117040,Maar ik moet t toch printen voor vrijdag,0
117041,Nee nee ik moet het -eigenlijk- nog inkorten en nalezen en het nog heel interessant maken aangezien het nergens op slaat wat ik heb geschrevenÓÑÖ,0
117042,Parjeerplaats bijna,0
117043,Super kut we gaan nu fucking laat,1
117044,Maar moest even mee.. Vanavond weer in nimma,1
117045,Zag ik jou nou zondag met jochem appen?,0
117046,Ja.. Lekker samen slapen vanavond üòÅ,0
117047,Jaa maar waarop,0
117048, Heb een bericht gestuurd naar het bestuur van carolus ;) hopen dat ze het doen ,0
117049,Welke dag is dat,0
117050, Afgezien van je familie haha ,0
117051, Ik ga morgen wel naar statistiek üò© ,0
117052,Haha een toon laten  zien nog wel?,0
117053,Deze week,0
117054,Kwart voor [REMOVED],0
117055,Wat ik nog wou vragen: wat doe je morgenavond?,1
117056,Drm stuurde ze bij ons zonder wenkbrauwen denk ik hahaha,0
117057,Zon formulier invullen wat ze ons toen had toegestuurd,0
117058, Ja was vanochtend niet helemaal helder ,0
117059,Dat slaat eigenlijk ook nergens op haha,0
117060,"Het is volgens mij echt een leuke kerel, mooi als hij erbij komt! Het is niet alleen aan het bestuur om daarvoor te zorgen, vind dat de jeugd hierin ook een kleine taak heeft",0
117061,Zullen we dan samen eten woensdag? Met z'n [REMOVED] en?,1
117062, Hoelaat ga je naar huis? ,1
117063,"Ben thuis aan de studie, zie je tijdens college üòâ",1
117064,Vandaag mondelingen Nederlands. Morgen Vermeer. Nu dom genoeg nog wel op en meer naar [REMOVED] voor college.,1
117065,"Maar als hij net droog is, laat hem dan nog maar binnen hoor",0
117066,WAAROM REAGEERT JE NIET? IK ZIET TOCH BLAUWE VINKJES?!,0
117067,We moeten maar even zien haha,0
117068,Maar het duurt sowieso maar even en het heeft ook niet echt haast,0
117069,LAAT MAar,0
117070,Dus miss kunnen we samenfietsen,1
117071,"Ik ga ju naar de uni, als je zin hebt in koffie kwartiertje voor les let me know!",1
117072,Maar ja.. [REMOVED] avond genoten en de rest...,0
117073,Je muur...,0
117074, Hoe laat anytime? ,1
117075,En nu twijfel ik natuurlijk weerÓÑì,0
117076,Maar daarnaast lijkt t me wel beperkend voor jo,0
117077,Lekker dagje weggeweest met pa?,0
117078,Hoef dit weekend maar van [REMOVED] tot [REMOVED] te werken,1
117079,Hoelaat?,0
117080, Die laatste is heel vaag ,0
117081, Gegarandeerd lachen echt waar ,0
117082,Nee sorry net morgen moey ik wel eerste uur naar school,0
117083,Heb echt geen zin vandaag Mja geld verdienen h,0
117084,Waarheen?,0
117085,Schoenen kopen gaat niet door... Wat is het plan rond [REMOVED]? Is het ver reizen? Is het duur? Hoe laat zouden we terug zijn? Dan wil ik misschien toch wel mee,0
117086,Waar?,0
117087,Of ik de auto mee kan nemen vanavond üòò,0
117088,Dan ben je in de buurt üòú,0
117089,Is wel savonds ofc;),0
117090,Maar hij zei dat je kan komen wanneer je wilt en het duurt tot zes uur,0
117091,Stuur die blz eens,0
117092,Kunnen jullie me vanavond ophalen bij maud,1
117093,Maar het is bijna het einde van de avond,0
117094,Is goed! Onder de klok in het [REMOVED]? Dan kunnen we even vragen of het bestuurshok vrij is en anders zoeken we gewoon beneden ergens een plekje,1
117095,Ik ben helemaal vergeten je beschermers mee naar den helder te nemen üò±! Had je er haast mee? Want anders neem ik ze volgende week gewoon mee,0
117096, Moet morgen [numerical_value] uur op de soos zijn ,1
117097,"Tante maria belde me net trouwens, ome theo heeft nog geen idee hoelaat hij precies in cuijk is, maar ik moest m vrijdag maar bellen en zeggen waar ik precies stond wqnt anders kleine kans dat ik m zag",1
117098,En twee weken geleden had ze [REMOVED] zo weinig zuurstof als papa,0
117099,Ik eet bij m'n ouders en zou daarna met Kas boodschappen doen voor familieweekend maar die doet hij nu in z'n eentje,1
117100,Maar ze zei dat ze het vandaag af zou hebben,0
117101,Ja elke maand [REMOVED] he.,0
117102,Mijn ouders en broertje komen graag zondag op de thee. Zelf ben ik er vanavond of morgenochtend weer (etentje in [REMOVED] [REMOVED] dus misschien slaap ik bij [REMOVED]),1
117103,Heb je de auto nog nodig het weekend????,1
117104,Jij slaapt er vanavond?,1
117105, Waar ben je eten? ,0
117106,Weet ik niet precies. zes uur - half tien?,0
117107,"Als het leren een beetje oke gaat kom ik s avonds wel,",1
117108,Kijken veel vrouwen daarnaar?,0
117109,Eerder is wel leuk maar zeg maar wat jij wil,0
117110,"Heej, ja sorry was op stal en had m niet gehoord. Maandag ging wel prima. Ga morgen naar papa om vrijdagochtend vroeg weer naar de school te gaan.",1
117111, Kom je zo anders even langs? Samen eten? ,1
117112,Vrijdag voor de kwek is er de kwek-prom omdat het evenement al [REMOVED] jaar bestaat,1
117113,Nah beetje natte sneeuw de hele dag,0
117114, Hoelaat ben je er dan denk je? ,1
117115,Ja samen eten is ook leuk idd!!,0
117116,"Ik ben er rond 10, nu nog in [REMOVED] [REMOVED]. Maar jij bent er vanmiddag dus wel?",1
117117,Vertel morgen maar,0
117118, Jaa dat komt morgenüòâ ,0
117119,Carmel komt vanavond ook wil je mee?,1
117120,"Bah, echt zwaar irritant!",0
117121,Als je er bij nadenkt slaat het nergens op,0
117122,Zie jullie al samen in die keuken,0
117123,Poepje! Ik ga nu slapen. Ik hou van je! Ik zie jou overmorgen! üòò,0
117124,Samen fietsen? Tien voor tien coffeeshop?,1
117125,En dan stuur ik dat je terug vanavond oke?,0
117126,Dan kunnen we het papieren komende week voor de vakantie inleveren,0
117127,Wat een kut opdracht is literatuur,0
117128,Straks wordt je ontslagen haha,0
117129, Was een mooie avond! ,0
117130,Wat heb jij dit weekend?,0
117131,Het zijn iig allemaal.vrouwen voor zover ik kan zien ;,0
117132,Hoihoi hoe heet de collega van je vader die ook naar mannenweekend gaat?,0
117133,Is cool tot straks ;),0
117134,Dacht dat die andere [REMOVED] zouden samenkomen,0
117135, Vanavond mijn huis. Trek maar iets moois aan ,1
117136,Maar wist je ook dat V zeer veel last heeft van ochtendzieke,0
117137,Een pakketje bij de slijter halen voor iemand die zaterdag jarig is,0
117138,Waar ben je???,1
117139,"Hoi! Ik heb nu college van een mevrouw die [REMOVED] heet, waarom moet ik nu aan een orkaan denken?",0
117140,O haha heb niks gemerkt! Ja is snel gegaan h√®! Nee ik ga morgen ook niet! Nog even een extra dagje vrij h√®!,0
117141, Morgen heb ik trouwens dat gesprek ,1
117142,Kan je toevallig ook een uurtje later?,1
117143,Ik heb ook gewonnen vandag trouwes!ÓêÖ,0
117144,Waar gingen jullie heen dan?,0
117145,Waar was jij gisteren?,0
117146,Ik doe rond half tien boodschappen. Wie eet er mee vanavond?,1
117147,"Ik vroeg me iets af: je zei gister dat we geen gezamenlijke conclusie hoeven te schrijven, maar hoeven we dan ook geen eigen conclusie te schrijven aan het eind van iedere analyse? Waarin dan staat dat HH de maatschappij weerspiegelde?",0
117148, Hoelaat sta je op.? Ik morgen ook nog dingen doen ,0
117149, Dit is mijn avond eten ,0
117150,"Best slecht volgens mij, maar dat hoor ik morgen wel",0
117151,Waarom niet de lijst eigwnlijk,0
117152, Jij zit toch niet in de weekend Cie.? ,0
117153,Thanks dan verplaats ik hem zo,0
117154,Waar heb je de [REMOVED] [REMOVED] neergelegd,0
117155,Ik heb een voorkeur voor donderdagavond,1
117156,"Ik heb trouwens wel foto's gemaakt met de camera, dus die laat ik je wel zien als je weer thuis bent ;)",0
117157, Gast waar ben jij ,0
117158,Wat wil je afspreken? Wil je me morgen ochtend een berichtje sturen over hoe je je voelt en dan beslissen hoe of wat?,1
117159,Stuur eens doorüòâ,0
117160,Wilde je nog mee naar [REMOVED] vrijdag?,1
117161,"Ik heb nu vergadering, daarna kun je eigenlijk ieder moment komen",0
117162,Zeg maar. Dan laat ik ze morgen thuis of geef ik ze aan jeroen bij cc,1
117163,En dan winnen ze samen een kwart miljoen omdat zij hem nog steeds wil nadat hij z'n ware identiteit onthuld heeft,0
117164,Maar dat neem ik zondag dan wel mee,1
117165,Echt waar,0
117166,Waar zijn je huisgenoten dan? ,0
117167,"Neh man, moet morgen weer naar school",0
117168,Als ik op dinsdag wakker word denk ik altijd,0
117169,Dag dag,0
117170,"Ok√© tot morgen dan, hoe laat zal ik er zijn?",1
117171, Tuurlijk ,0
117172,Ik ben geland maar de koffers zitten ergens vast ofzo dus duurt wat langer...,0
117173,Daarna heb ik dan een date ;),1
117174, Nou ik ga niet te laat ,0
117175,zeven uurrrr,0
117176,Die laatste is vooral voor mama :p,0
117177,Waar is holland spoor?Óêç,0
117178,"Haha, en hoe laat is da ongeveer?",0
117179,Ooh sorry ja gezien,0
117180,Naar huis tentamen heb ik maandag en vlgnde week vrijdag..,0
117181,Nu met mn ouders in het airport hotel na vandaag beetje door [REMOVED] tr hebben gewandeld,1
117182,Sinds donderdag,0
117183,Ik weet niet wiens eten ik jat maar ik maak tosti's met het stokbrood dat hier hard ligt te worden en parmezaanse kaas die volgens mij vorige week al op mijn plankje lag maar die er goed uit ziet,0
117184,Er staat drie maanden houdbaar na openen... En hij ziet er nog goed uit,0
117185," Chapper is geweest, [numerical_value] tent is al opgezet, briefjes doe ik dadelijk door de deur, jij kunt komen wanneer je wilt, wilde jij hier mee eten? Kipfilet bonen en aardappelen ",1
117186,ja maar wanneerÓÑÖ,0
117187,Ik had zijn fb al wel gezien maar kon niet goed zien of hij het was haha,0
117188,Maar vroeg klaar waarschijnlijk;),0
117189,Ik zal je waarschuwen als ik door mijn kleine verzameling heen ben,0
117190,Euhmmm weet niet of jij nog graag een film wil zien anders kunnen we wel via netflix kijken,0
117191,"Maar ik was bang dat ik niks meer kon doen dit weekend, dus heb ik dit maar zo gedaan!",0
117192,Voor racen morgen,0
117193,Happy birthday [REMOVED]!! Hopelijk heb je een leuke en fijne dag al vandaag en tot vanavond! Xx,1
117194,Dinsdag rond [REMOVED]?,1
117195, Zien wel ,0
117196,Hoe laat ben je thuis?,1
117197,Was er koopzondag ofzo,0
117198,En toen was het ineens twaalf uur,0
117199, Maar voelt ook zo omdat we normaal  elke dag elkaar zien/naaienüòÄ ,0
117200,Eind vd middag,0
117201,Beetje mij lekker zitten maken met de appelmoes laatst,0
117202,[REMOVED] vraagt om het voorstel van bij haar eten een week uit te stellen,1
117203, Ja [numerical_value] uur kan!! ,0
117204,Heb je morgenavond tijd?,1
117205,Echt lullos dat wij noeitscmervsamen staon@,0
117206, Je moet t met een gegronde reden aanvechten anders kan je t volgend jaar opnieuw doen ,0
117207,Is goed. Het is voor mij een beetje schipperen vandaag. Jullie willen alle [REMOVED] bijles üòã,0
117208,Veilig terug in NL! Ik blijf zeer waarschijnlijk vannacht bij m'n ouders slapen en kom dan morgen richting [REMOVED],1
117209,Oke ik heb vandaag wel echt geen tijd,0
117210,Maar wel zwaar,0
117211,Ik eet wel om [REMOVED] want [REMOVED] judo. [REMOVED] wij dan samen eten of eet je liever later?,0
117212, Hoelaat zullen we doen? ,1
117213,Dan ben je er al vroeg toch?,1
117214,Eerder olivier hansworst,0
117215,"Maar ik kan deze week sowieso geen bijles geven, heb veel deadlines en tentamens",0
117216,"Hoi marieke, zal ik de formulieren morgen inscannen en mailen of wil je ze per post?",0
117217,"Dat moet je wel maken, maar is dat niet voor de wg van volgende week of ben ik nu in de war?",0
117218,"Hahaha, volgende x ga je gewoon mee ;)",0
117219, Moet straks.nog wel langs huis. Ben me sleutel en portemonnee Vergeten ,1
117220,Ik kan je wel meeten op het station als je wil?,1
117221,Wel slim om geel aan te doen vanavond,0
117222,"En ik wil graag overleggen wat voor mij het slimste is, maar dat kan pas maandag en ik misschien kan ik nog bij neijt, met jullie, meedoen",0
117223,Ok√©üòÖ Ik oefen ze allebei en ik neem ze maandag allebei mee,0
117224,Ga morgen naar Klaar..mss weet zij wat..üòï,0
117225,Eh er moet ook wat waarheid in natuurlijk,0
117226,"Is het goed als ik morgen iets eerder kom, dat we iets meer tijd hebben? Half [REMOVED] ofzo?",1
117227, Ff de samenvattingen doorlezen ,0
117228, Wie is hoofd van t sabre weekend? ,0
117229,Ik hoor het uiterlijk woensdag,0
117230,Tot morgen,1
117231,Vanmiddag als ik thuis ben,1
117232,Avontuur is voorbij: niet toegelaten tot ronde [REMOVED],0
117233, Vannochtend gebeld en kan meteen langs komen ,0
117234,"Je moest toch bij de eerste vraag bij bod aangeven welke twee definities hij geeft, dus de traditionele en pragmatische? Nu moet je zijn manier van behandelen (dus waar zijn focus op ligt) daaraan koppelen",0
117235,[REMOVED] en mike kome straks langs,0
117236,Fietsen wij samen vnv?,1
117237,Kan morgenochtend ook,0
117238, Half [numerical_value] trein of [numerical_value] uur? ,1
117239,Ik heb gisteren gesquasht en vanmorgen gezwommen en morgenmiddag ga ik hardlopen,1
117240,Oja dat klopt! Dat was deze week al,0
117241,Waar wordt je afgezet,1
117242,"Ik bedacht me dit laatst,  zo van het is Kerst,  mensen zijn thuis met Kerst..  Nu ben ik blij üòä",0
117243,Wanneer ga je richting stad?,1
117244,Dus ja... Dat wordt voor mij ook een avondje studie -.-,0
117245,Hoe laat gaan jullie eten? :) Want ik kom van een verjaardag,0
117246,Haha die laatste is wel goed,0
117247,"Nee want moeders en kind liggen nog [REMOVED] dagen in de kliniek. En Erna kan pas richting Pinksterweekend, en we gaan wel samen, dus over [REMOVED] weken ben ik daar.",0
117248,Je kaart uit [REMOVED] is aangekomen vandaag. Ze waren er blij mee. Bedankt! Xx,0
117249,Als je toch nog voor andere dingen naar de winkel moet mag je voor mij wel een pak melk halen [REMOVED]:) maar anders haal ik die zelf morgenHeb trouwens nog vla staan voor toetje,0
117250, Maar moeten wel rekening houden met hoe we dat dan mee die vuurkorf willen gaan doen ,0
117251,Ja maarja telt gwn zwaar mee,0
117252,Ik zou ook liever [REMOVED] zien,0
117253,Ja. Met surgical management bedoelen ze bypass. Die andere is dotter + evt. stentplaatsing.,0
117254,Hadden we Voor mogen opvanguur [REMOVED] werk gekregen?,0
117255,Dat is prima. En dan woensdag niet? Of allebei?,0
117256,Of twaalf uur,0
117257, Jaa overal waar het kan domme kut ,0
117258,Helleuu! De laatste vakantie-uurtjes zijn aangebroken :'( Hoe laat pakken jullie morgenvroeg de trein? Xxx,1
117259,Moet je morgen nou al afrijden?,1
117260,Had eerder gezegd dan,0
117261, Leuke avond gehad? ,0
117262,Jij hebt wel een weekendtas toch?,0
117263,Wil in elk geval niet al te duur uit zijn :p,0
117264,Okeee ik ga morgen wel met zo'n bord lopen dat je aan kan trekken,1
117265,Ohja ook handig en dan wanneer ik langs kan komen ook nog!,0
117266,Hij moet morgen middag naar school,0
117267,Nja jij en drugs gaan vast niet samen Óêí,0
117268,Misschien kunne we toch [REMOVED] samen fietse!!!,1
117269,"[REMOVED] is [REMOVED], santa fe is [REMOVED] totaal. Het belangrijke verschil is dat de eerste stapelbedden heeft en de tweede tweepersoonsbedden. Laat maar weten wat jullie voorkeur heeft, ga ik gelijk boeken",0
117270,He sander ik ga denk morgen naar die masterclass. Kw voor [REMOVED] bij cc[REMOVED] toch? ,1
117271, Weet ik niet. Heb net pas voor de dag erna vrij gekregen ,0
117272,Ga je vanavond trainen? Ik ben niet thuis Moet werken. Xxx,1
117273,Nou dan krijgen we dat zaterdag wel af!,0
117274,Kan niet zien of er banen vrij zijn,0
117275,Ok we zien het wel verschijnen. Heb jij [REMOVED] nog ingelicht?,0
117276,Kun je een appje stueen als je het verstuurd hebt?,0
117277,Ik kan vrijdag zowieso niet mee naar paardrijden,1
117278, Kan hier heen komen maar kan je niet voorzien van bier. Ben out of ammo ,1
117279,Doe ik straks ik moet nu werken,1
117280,"Ik was ernstig aan het kloten met het avondeten, de oven wilde niet warm worden, en toen ik mijn maaltje op had was het tijd om naar de kruidvat te fietsen om [REMOVED] op te halen voor  bandavonddingetje",1
117281,Kerstavond is altijd met ons drieen kadootjes.. en [REMOVED] januari vind mama geen fijne dag want dan moeten we de familie af..,1
117282,"Hey sineman! Denk dat je het wel naar je zin hebt in [REMOVED] met iris!üòé ik had een vraagje: donderdag heeft mama haar laatste chemo en ik wilde er een speciaal tintje aan geven. Ik zat eraan te denken om haar mee te nemen naar de juwelier om oordeel, ketting of armbandje te laten uitzoeken. [REMOVED] vond het ook een leuk idee en doet mee met een deel van het bedrag. Ik weet nog niet wat het gaat kosten, maar zou jij het ook leuk vinden? Je bent natuurlijk niet verkocht ;p als het te duur wordt, heb ik altijd nog een spaarrekening waar ik wat extra vanaf zou kunnen halen en dan betalen jij en [REMOVED] gewoon wat jullie zelf willen :) veel plezier nog en de groetjes aan iris! Óêò",0
117283,[REMOVED] ouders konden niet dus kon jij in hun plaats haha,0
117284,"Haaa zus,   jaa dat zal wel lukken haha :) en dankuwel, ben best bang stiekem, je krijgt de groetjes van oma die wel [REMOVED] zei dat je een schat van n keind was haha ÓÄé     wil je.trouwens even de naam van het hotel doorgeven? De ouders van shanice hebben m ook niet..    heeeel veel plezier, ik ben jalpers hoor ): en tot vrijdag xxxx Óêò",1
117285,"Hee! Gaan we woensdag samen naar dat feest of ga jij met mensen van campus in beeld [REMOVED]? Ik zag dat jij ook ging [REMOVED], mss kunnen we van tevoren wat afspreken. Xx",1
117286,Maar vroeg het me gewoon af,0
117287,Nee nog steeds nie maar ik was ook ziek toen je dat stuurde over de link,0
117288,[REMOVED] kan trouwens niet tegen rubber dus als je van plan bent ballonnen op te hangen moet je haar waarschuwen dan neemt ze een of ander pilletje op,0
117289,Ja:( we zijn beiden wel druk denk ik. Jij ietsje meer waarschijnlijk:p,0
117290,Gordrmorgen [REMOVED] haha,0
117291,"Nou ten eerste eten we pizza vandaag, whether you like it or not!",0
117292, [REMOVED] zenuwachtig voor morgen ,0
117293,Kik heb vandaag ook al gemaild voor t rooste,0
117294,kwart voor een werkcollege,0
117295,Hoooi [REMOVED]! Hoe laat wilt u daten vanavond?,1
117296,Vandaag op de sportschool gezien dat ik sinds januari [REMOVED] kilo kwijt ben.,0
117297,Dat kan ik me voorstellen :). Weet je trouwens al of het zwart is of niet? Want anders moet je iets doen met je loonheffingskorting voordat je straks alles mag terugbetalen. Wil ik je wel mee helpen als je er niet uitkomt.,0
117298,negen uur sta ik buiten hoor haha,1
117299,Jaa wil ik ook maar gwn irritant enzo en het liefst gwn gezellie samen wakker worden enzo üò£,0
117300,[REMOVED] daarna arbriten,0
117301,Ik heb vandaag college gehad van huub van den bergh en hij zegt dat hij spelling haaaat:p,0
117302,"Hee  ik ben vanochtend wakker geworden met een raar pijn geval van m'n nek tot onderin m'n schouderblad aan de rechterkant, zeer vervelend en als dat aanhoud ga ik morgen sws niet mee. Ik wilde je wel eerder sms'en maar ik zit al de hele dag te wachten tot het weg gaat, wat nog niet is gebeurt",0
117303,Meid ben je al in nijmegen vandaag,0
117304, Waar zit je mee? ,0
117305,"Best prima, is gewoon gistermiddag nog vrolijk naar een of ander college te gaan terwijl ik hoestend probeerde te slapen bij zijn ouders op de bank... Ik was zieliger dan hij haha",0
117306,"Ze was kk boos op jou, ook omdat je al die foto had gestuurd",0
117307,"Hai simoon, je hoeft niet op ons te wachten, wij zitten nu nog in de auto, zullen waarschijnlijk of precies om kwart voor daar zijn of ietsje later",1
117308, Bas is heel verontwaardigd ,0
117309,Die laatste heeft [REMOVED] al gezien,0
117310,Voor mij is het morgen weer volop aan de stage,0
117311,Nee dat hoeft toch niet dan moet ze vier keer rijden! Ik vraag straks wel ffkes,0
117312, Ik rij nu naar duiven en daarna nog ff naar de soos met marius ,1
117313,"Heb geen idee wat ik moet schrappen, dus laat het maar zo...üò¨",0
117314,Op je verjaardag niet?,0
117315,Waarschijnlijk,0
117316,V laat dat nooit zien als ze zenuwachtig of zo is,0
117317,"Heej, wat voor beleg heb jij allemaal nog maandag? Voordat [REMOVED] en ik dingen dubbel halen. Xxx",1
117318,"Haha ik ben er echt even helemaal uit, maar zit er zondag vast weer in ;)",0
117319, Ga je nog wat leuks doen vandaag? ,0
117320, Laat maar even weten als je er bent ,1
117321,Dus ik weet niet of we elkaar nog zien,0
117322,Oke heel gedoe maar zaterdag kunnen we wel nasr de kermis,0
117323,Dus ik werd vandaag in een keer gebeld van je moet nu werken waarom ben je er niet enzo,0
117324,Hahaha morgen?,0
117325,Van hoe laat tot hoe laat ben je aan het fitnessen? Ik heb nl zes uur tot ongeveer zes uur afspraak,1
117326,Jaa echt fucking duur,0
117327,Ja was leuk. We waren naar kronenburg hebben we ff gezeten. Toen zijn we naar de kaai geweest. En daarna was jett rebel in het valkhof,0
117328,Uur of acht?,1
117329,En ik had vtijdag nnieuwe schoenen gekocht,0
117330,Ik hoef helemaal niet in leiden te zijn verder vandaag dus ik vind het handiger als ik thuis eet,1
117331,Ja ik ook haha.. ÓÑÖ wanneer zijn jullie klaar met eten want wij zijn meestal vroeg klaar met eten..,0
117332,Hoe laat morgen? En moest naar [REMOVED] beukenlaan toch?,1
117333,Wat doe jij dan de hele dag,0
117334, Morgen weer lekker naar nijmegen meid. ,1
117335, Yo morgen treintje om half [numerical_value] ,1
117336,"Hoi florien. Ik app even mijn andere bijlesleerling van morgen of hij wat eerder kan. Je hoort van me, ok?",0
117337,"Wel prima; pap was vrij moe vandaag, maar opzich gaat t wel hoor ;)",0
117338,Veel plezier vanavond!!,0
117339,Ik ga trouwens rond [REMOVED] of half twaalf uur weer naar huis,0
117340,[REMOVED] mei is dinsdag h√®,0
117341, Ooh. Zuur ,0
117342,Ik heb nu heey hoe gaat het gestuurd,0
117343,"Tot vijf uur ongeveer, toen was bijna iedereen erlangs en zaten we voort in de zon;)",0
117344,Wanneer?,0
117345,Staan we daar straks kan t niet üòÇ,0
117346, Soms mag ik een week op het huis en de dieren passen als ze weg zijn ,0
117347, Ooh laat maar heb hem al ,0
117348,Want ik moet smiddags weer naar fleur voor die versieringen enzo,1
117349,"Ik heb ook ineens een middag vrij, ben ik niet gewendüòã maar heb nog geen zin om aan verdieping letterkunde te beginnenÓÑÖ",0
117350, Ben over een uurtje terug ,1
117351,"Hee, ik vrees dat ik vandaag nog wat werk moet doen",0
117352,We gaan eerst vergaderen en hebben om [REMOVED] gereserveerd. Als het al niet meer gezellig is bij de cocktails kan ik als je nog niet in bed ligt ook nog bij je thuis langskomen als je wilt. Zien we vanavond wel,1
117353,Ik wist dus niet hoe laat t was.,0
117354,"Aan alle meisjes,Ook dit jaar spelen we weer een spel. Het is heel simpel in ik wil dat jullie allemaal meedoen. Vorig jaar moesten we allemaal de kleur van onze bh in onze status zetten. De mannen waren dagenlang verward... Ze vroegen zich af waarom alle vrouwen een kleur in hun status hadden staan. Dit jaar gaat je status over de kleren die je draagt. Het is de bedoeling dat alle meiden dinsdag [REMOVED] oktober een zwarte broek aan doen   stuur dit berich door naar alle meisjes die je kent. LET OP: ALLEEN AAN MEISJESVorig jaar was dit spel zo'n succes dat het zelfs in het nieuws kwam. Dat proberen we dit jaar weer! Stuur dit bericht prive door naar vrouwelijke contacten.‚Ä¢ massabericht ‚Ä¢Lezen!!!!!!!ÓêïÓêïÓêï",0
117355,Donderdag,0
117356,En jij natuurlijk ook als steun hih,0
117357,Waar woont ie,0
117358,Zin om met mij te eten vanavond?,1
117359,Waarover hadden jullie het?,0
117360,Jaa! Hebben rapunzel gekeken want die had [REMOVED] - hoe schokkend! ÓÑá - nog niet gezien!,0
117361,"Prima hoor, ik kook wel wat. Kan je vanuit het station gelijk mijn kant op en dan staat het eten klaar üòÅ",1
117362,"Maar daar kun jij natuurlijk helemaal niks mee, met die houding van hem nu",0
117363,Maar jammer dat ik je niet zie vanavond!,1
117364,Is het een benefiet waar je fancy gekleed heen kan?,0
117365,[REMOVED] ellen en daphne gaan waarschijnlijk niet mee,0
117366,ja om negen uur,0
117367,[REMOVED] is om vier uur op [REMOVED] centraal.. Zullen we daarheen gaan? dan kunnen we niet verdwalen,1
117368,"Hij heeft [REMOVED] middagen nodig en vraagt ‚Ç¨[REMOVED] per uur, [REMOVED] ging nog kijken of haar vader wil bijdragen",0
117369,Dan moest je zeggen dat [REMOVED] toch altijd slecht weer is? En er was ook dat in frankrijk mooi weer is en dan vroeg zij kan je hier goed surfen en dat kan goed en dan vraag je of ze mee wil doen met volleybal en dan zegt zij oui en dat was gesprekje [REMOVED],0
117370,[REMOVED] wanneer gaan wij samen wat eten? :),0
117371,"We willen al om [REMOVED] de bus hebben. En [REMOVED] gaat ook mee :pMaar ik vind het leuk als je meegaat, al vind ik wel dat we dan ergens volgende week alsnog wel moeten tee√´n of zo.",1
117372,Uhm rond vijf uur,0
117373,Kiekeboe! Where you at? Tijd om een dezer dagen even te skypen over komende zaterdag?,0
117374,Hij doet het waarschijnlijk om dat het anders gewoon bot is,0
117375,Ja hou wel van avontuurtjes ;$,0
117376,"Ooooh de laatste Spatial Action, hoe durf je :P",0
117377,Oke dan zien we elkaar n andere keer weer :),0
117378,Dagg,0
117379,Of naja natuurlijk in zekere zin wel,0
117380,"Hoi mop! Hoe is het daar? Ik zit nu in de trein naar werk. Ben maar beetje eerder, moet nog eea doen. Ik heb trouwens de laptop helemaal voor je opgeladen mocht je breaking bad willen kijken",1
117381,Ook beetje duur,0
117382,"Hey, fijne vakantie gehad? Ik heb mijn tentamen toch nog gehaald met een [REMOVED] en een opdracht die ik in moest leveren met een [REMOVED] :) Zeg je het ook tegen ons mam? Tot zaterdag xx",1
117383, Ik ga straks naar de huisarts ,0
117384, Toch niet om wat je gisteren nog vroeg? ,0
117385,Dinsdag,0
117386,Je bent welkom vanaf vroeg in de ochtend ;),1
117387,Hoi liefje! Ik ga ook nu slapen. Ik hou van jou! Tot morgen!,0
117388,Bij [REMOVED] van de vragen stond bijvoorbeeld nog extra een accent op n√° de behandeling en ik heb het geintepreteerd als tijdens de behandeling.,0
117389, Dat hb ik ook een dag of [numerical_value] gehad :) ,0
117390,Is behoorlijk ingekickt sinds vorige week woensdag,0
117391,"Hee [REMOVED]! Ik weet niet waar op de wereld je bent, maar mocht je thuis zijn, zullen we dan binnenkort samen eten? Ik ben benieuwd naar de [REMOVED]! :)",1
117392,Als ik zondag kom dan kan ik niet tot wouter hamel blijven,0
117393,Waar?,0
117394,En dat wordt zeker gewaardeerd!,0
117395, Ik denk wel dat ik vanavond nog.blijf ,1
117396,Hoe laat ben je hier? [REMOVED] of zo?,1
117397,Oh god en dan moet ik volgende week zaterdag ook nog zelf werken daarna,0
117398, Morgen chill dagje met [REMOVED] ,1
117399,Ik morgen niet maar alle andere dagen wel,0
117400,Vandaag was trouwens de deadline zag ik van die video opdracht ,0
117401,"Hij gaat de hele nacht om het uur, maar denk niet dat het echt heeeel laat wordt",0
117402,Goooooeiesmorgens Sjannieee! Gefeliciteerd met je nichtje ÓêÖÓåí,0
117403, Morgen vrij ja? Geen college ofzo? ,0
117404,Wat is je geboorteplaats?,0
117405,Of voor jouw verjaardag ;p,0
117406,Ik moet tot half drie werken dus doe ik daarna wel,0
117407,Ik ga morgen denk ik niet naar responsie. Ik ga lekker opdrachten maken üòÅ,0
117408,[REMOVED] echtwaar lol Valt best mee.... :P ;) hoever ben je? Uit?,0
117409,Je hebt wat gemist vanavond. Ik had wel verwacht dat je spontaan even langs zou komen,0
117410, Ik heb straks een knuffel nodig ,0
117411,Hoi liefje! Jazeker! Alleen weet ik zeker dat ik vanavond nog lekkerder zal slapen! Werk se vandaag mijn allesje!,0
117412,Weet je ook al wanneer en hoe laat je het gaat vieren?,0
117413,Mama ik ga zondag trouwens om [REMOVED] vakantie bespreken bij maud,1
117414,"Doe ik, ik zie je morgen!",1
117415,"Maakt niet uit; ik ben voorlopig ook nog bezig, dus dan kijken we anders straks of morgen wel",0
117416,Ik wou al in die beste vriendinnetjes app zeggen iris kom je ook maarja wss reageert ze toch nie dus ik dacht laat maad,0
117417, Ja ik kom naar nijmegen straks ,1
117418,Ja heb je nog meer dan n uur,0
117419,[REMOVED]. Hadden we om zeven uur afgesproken of om hwlf [REMOVED]?,1
117420,[REMOVED] zei dat hij een afspraak had vergeten en dus morgen niet kan.,0
117421,"Ja klopt! Nu drie gehad in totaal, morgen lekker vrij! Oke wat leuk! Over drie weken, dat is wel heel rustig aan beginnen ja! Wel lekker om er weer even in te komen! Jaa dat lijkt mij ook! Haha ben heel benieuwd hoe het er nu uitziet!",0
117422,"Haha lekker vroeg. Ik was ook al een tijdje wakker, maar ik heb me nog een paar keer omgedraaid.",0
117423,Ik heb je nog niet eerder gezien namelijk,0
117424,Moet zelf op donderdag iets inleveren waarvan ik dacht dat het op woensdag moest... Maar de extra tijd kan ik misschien goed gebruiken dus dan is voor mij spelletjes op vrijdag beter,1
117425,Waarom whatsappen we eigenlijk? iMessage is toch veel hipper;),0
117426,Half uurtjes,0
117427, Stuur maar een foto ,0
117428,Moet je werken zaterdag?,0
117429,Morgen moet de conceptversie af zijn toch?,0
117430,Ik hoorde vorige week dat er mensen zij  die ook van mij dingen denken,0
117431,Hee heeft [REMOVED] jou ook een berichtje gestuurd?,0
117432,Bah [REMOVED] t weer is niet top donderdag üòí even kijken wat ik aan moet gaan doen op safari ,0
117433,Maar omdat we niet zo lang kunnen wil ik vroeg weg gaan,0
117434,Ga jij wel naar [REMOVED] zaterdagavond?,1
117435,Zal morgen even kijken naar alles qua Internet tv en water en alles proberen te regelen;),0
117436,Ik ben al een uur wakker,0
117437,Elk uur na [REMOVED] app ik jou haha grapje,0
117438,"Ok√©, dinsdag om elf uur?",1
117439,Wat gaan jullie vandaag nog doen?,1
117440,"Dat is goed, ik hoop dat we er nog wat van kunnen zien, want we staan nu op het parkeerterrein en moeten nog in de rij voor de ingang:(",0
117441,En aangezien ik parttime ondernemer ben,0
117442, Maar kan ook even smiddags naar jou komen ,1
117443,Nu raak ik helem√°√°l overstuur,0
117444,"Je huis is echt geen plek waar je toevallig langskomt, het was bijzonder",0
117445,Hmm...heb m net ingestuurd...üòï,0
117446,"Nee, op de afstanden waar ik goed in ben vertegenwoordigt [REMOVED] zich niet op de OS",0
117447,Weet eig niet waar [REMOVED] ligt ,0
117448,Nee das waar,0
117449,Waar is morgen die bijeenkomst eigenlijk?,0
117450,Jaa savonds,1
117451,Of dat jij morgen gewoon om drie uur begint :p,0
117452,Had gister nog je efteling plaatje gedraaid üòÇüòÇ,0
117453,"Nee zegt mij ook niets, maar straks stonden al die dingen ergens verborgen in een tekst die ik niet gelezen heb üò¶",0
117454, Toch balen dat jij niet in mijn bed ligt straks ,0
117455,Hoi ava! Is het gezellig daar? Nog even voor de duidelijkheid: haal jij de koekjes etc. morgen wel dat ik ze alleen neerleg of haal ik ze ook? Moet ik nl even wat eerder de wekker zetten :),0
117456,Fijne avond!Óêò,0
117457,"Ok, ik zal het zo opnieuw opsturen. Ik ben nu namelijk niet thuis, maar in een half uurtje wel weer.",1
117458,Prima. Overdag naar rijksmuseum?,1
117459,"Verdieping, links, helemaal achteraan op die stoeltjes waar je uitkijkt op de fietsen",0
117460,Niet [REMOVED]uur,0
117461,Hee! Het plan is om in de week van [REMOVED] juni iets af te spreken. Dan bespreek ik eerst dingen met je en later in de week wilden we vergaderen met het huidige en nieuwe bestuur samen. Ben je er die week?,1
117462,Haha ja niet in supermarkten,0
117463, Pfff nog een hele week ,0
117464,Maar leuk dat je nog bij de oudjes bent! Hoor er graag meer over donderdag ;),0
117465,Ik ga vroeg de bieb in morgen! ,1
117466, Laat maar weten als je er bent ,1
117467, Hoelaat ben jij klaar? ,0
117468,Dus vanavond eten in den haag? Of morgen lunch oid,1
117469, Ik bloedde vannacht best hard.. Had jij nog iets gezien ofzo? üò≥ ,0
117470,Ik kan morgen ook niets doen want moet werken,1
117471,Zoals wanneer nou er sprake is van correlatie en hoe je dat rapporteert,0
117472,"Bahbahbahbahbah, ik ben dit weekend onbereikbaar, want ons internetmodum is kapot (ik heb nu heel kort wifi in de sporthal). Dus als jouw mama iets naar mijn mama appt, ontvangen we dat maandag pas als het probleem hopelijk is verholpen zegmaar. O! En ik kan dan maandag dus ook pas weer het geld naar je overmaken! Maargoed, dan weet je dat dus iig",0
117473, Kut dat je morgen niet bij de alv bent ,0
117474,Nou [REMOVED] ik ben inmiddels in de stad :D we staan nu nog op koningsplein,1
117475,"Hoi [REMOVED]. Ik weet niet of je het heb gezien, maar ik heb een mailtje naar je school gestuurd over mijn scriptie. Ik heb jouw naam er niet in genoemd, maar als je denkt 'h√©, zal dat van mijn oude buurmeisje zijn?', dan klopt dat dus wel. Ik hoop dat jullie wat tijd voor mij kunnen vrijmaken. Groetjes, [REMOVED]",0
117476,Waar?,0
117477, Weddenschap lijstje van bestuur.. ,0
117478," Ik geef ruim [numerical_value], bijna [numerical_value] euro uit aan reiskosten in de maand ",0
117479,"Ja ik ook, ik heb het echt expliciet gevraagd en die man zei dat hij niet inzag waarom het niet zou kunnen",0
117480,O was het maar waar! Is echt vroeg h√®! Maja...,0
117481,Heb me helemaal verslapen dus ben echt pas half negen daar laat t dan wel weten ,1
117482,We zien jullie vanavond dan gewoon!,1
117483,Ik geloof niet dat dat medisch gezien mogelijk is manon,0
117484,Leuke avond gehad?,0
117485,Jij stuurd wrts naar mij door toch?,0
117486,En je hebt geluk dat jullie er niet zijn vanavond anders had ik je wakker gemaakt om me te brengen,1
117487,Waar is de post nu dan,0
117488,Nou morgenaaf en zaterdagmiddag ÓÑà,0
117489,Dan wil ik wel graag mee eten anders wordt t zo laat,0
117490, Maar alleen vandaag dat ei erin en dan is het goed? ,0
117491,HAH JA. Duurt toch ff toch,0
117492,S ochtends,0
117493,We hebben een appartementje gehuurd en daar ben ik nu,1
117494,Volgende week begint school weer dan moet ik ff me ritme vinden en dan prikken we een datum,0
117495,En t is niet t eerste waar ik over begin ofzo,0
117496,Open dag op han met [REMOVED]. Voor zijn master,1
117497,Aanvullingen of wijzigingen?BroodMelkCornflakes FruitChocoladepastaKoekjes (nog voorkeur?)Eten maandag (soep):[REMOVED] [REMOVED] g [REMOVED] blik kikkererwten1[REMOVED]5 ml cr√®me fraichePeterselieEten dinsdag (pasta zalm):[REMOVED]00 g gerookte [REMOVED] g broccoliZure room,0
117498,'Waarom lach je?' 'Ja mijn telefoon is ZO grappig',0
117499,[REMOVED] waar ben je dan,0
117500,ja t is dinsdag gebeurd,0
117501,Nu maar hopen dat [REMOVED] morgen wat stuurt....ÓêÑ,0
117502,"Nee we hebben het niet kunnen vinden! Maar zal de komende dagen nog rondvragen :) Koortslip is trouwens niet gekomen, heel raar maar gelukkig. Het was een citroen [REMOVED] geworden. Leuk autootje ;) Lekker rondgereden en veel van het eiland gezien. Morgen gaan we met de boot mee dus ben benieuwd! En jij lekker vakantieeee! Lekker he! Alvast een heeeele fijne vakantie als ik je niet meer spreek maar we appen! Groetjes daar xxx",1
117503,Hoewel het dan nog wel als een samengesteld woord behandeld wordt als je het zooitje gaat ontleden,0
117504,"Hoi jonathan! Ik kan vandaag eerder komen als je wil, ik ben vanaf nu vrij. Laat maar weten!",1
117505,Dinsdag eten bij [REMOVED] toch?,1
117506,Moet je tot laat?,0
117507,"Wanneer zullen we koffie doen? Ik ben dinsdag overdag ineens onverwacht vrij, is dat iets?",1
117508,Ben je morgen avond vrij ????,0
117509,Ik maak het morgenochtend af,0
117510,kan jij afspreken,1
117511, Dacht die weet het al de hele dag ,0
117512, Kwart voor [numerical_value]? ,0
117513,"Je moet trouwens zo maar je fiets op het station laten staan of voor poppedijn parkeren, het is hier er druk",1
117514,"Ik snap het al waarom die hey niet doet, er staat in de kolom van geslacht bij mij een m of v, dis dan moet ik juist bij value die m of v invoeren en bij label een [REMOVED] of [REMOVED]",0
117515,Gaan we zaterdag?,0
117516,"Lang zal ze leven, lang zal ze leven, lang zal ze leven in de gloria. In de gloriaaa, in de gloriaaaaaaa! Hieperdepiep. Hoeraaaa! Proficiat met je verjaardag [REMOVED]! maak er een fijne dag van :)",0
117517,Half uur [REMOVED] + half uur [REMOVED] [REMOVED],0
117518,Kunnen we woensdag trouwens niet in de kelder?,1
117519,Moet ik morgen anders naar van marle gaan,0
117520,Eigenlijk niet echt meer... Dinsdag college van [REMOVED] tot [REMOVED],0
117521, Heb woensdag ochtend een afspraak ,1
117522,Wanneer housewarming?,1
117523,Maar goed ben dus half uur later ,1
117524,Moet ik zelf iets verzinnen of stuur je een lijstje?,0
117525,[REMOVED] kennende? Waarschijnlijk niet...,0
117526,De lamp deed het wel even maar toen ik m uitzetten ging ie daarna niet meer aan,0
117527,Vanavond maar? Ben het helemaal vergeten üò≥,1
117528,Kan wel elke avond vanaf zondag [REMOVED] december ,0
117529,Gelukkig komt streetwise niet vanavond üòÖ,0
117530,En dan heb ik smiddags nog een beetje vrije tijd,0
117531, Ga je nog wat leuks doen vandaag? ,0
117532,"Ja hoor, denk dat ik morgen pas naar [REMOVED] ga dus mail maar",1
117533,[REMOVED] en ik borrelen nog even straks,1
117534, Waar doe je da allemaal dan ,0
117535,Ja pap heeft zuurstof nodig he,0
117536,Hahaha uur geleden al:p,0
117537,Maakt mij niet uit. Ik doe morgen niks anders dan bijles geven :p,0
117538,Maat vind je het goed als we morgen wat gaan drinken. Wil nog even iets afkrijgen en moet vanavond naar barneveld. ,1
117539,Ooh shit ik vergeet alleen helemaal dat ik morgen me rijexamen heb om die tijd ,1
117540,Waarom stemde hij het dan?,0
117541,Ik heb alles van Gossip Girl gezien üò≠,0
117542,Iets minder vals dan vanmiddag,0
117543,Is tyfus duur,0
117544,Bewaar ik dan maar even voor noodgevallen!,0
117545,Tuurlijk!,0
117546,Was mijn tweet waarop jij weer reageerde,0
117547, Vroeg pieken... ,0
117548,Ik zal straks even uitzoeken hoe laat ik daar ben,0
117549,Maar dan moeten we wel heel vroeg eten! Volgens mij is tram nog ruim half uur. We kijken vanmiddag wel ff.,0
117550,Waar is boogie wonderland eigenlijk? ,0
117551,Ik zo ook dus slaap lekker tot morgen!,1
117552,"Dat kan! Het is alleen nog niet helemaal zeker of de boekenmarkt die wij zouden houden doorgaat... Als hij doorgaat ben ik sowieso nog tot [REMOVED] en misschien tot later aan het afbouwen... Dus als je na het eten ergens op tijd moet zijn, moet ik eerst even afwachten of het doorgaat",0
117553,Ik ga nu slapen. Ik app je morgen wel over hoelaat ik langskom,1
117554,"[REMOVED] maar naar [REMOVED], neem ik het morgen voor je mee",0
117555,In barneveld vandaag,0
117556,En weetje welke band vanochtend op [REMOVED] was?,0
117557,Die laatste snap ik niet hahaha,0
117558, Deed ik vroeger ook met papa ,0
117559,Er gingen geruchten rond over dat [REMOVED] opgepakt was en toen ging ik het aan [REMOVED] vragen en het was niet waar maar hij vond het grappig om ze bevestigd te zien dus toen ging ik bullshit verspreiden namens [REMOVED] en mensen geloven me..,0
117560,Tuurlijk wel. Die zijn morgen echt wel droog en anders drogen ze heel snel als je ze aandoet,0
117561,"Dat feestje van je vader h√®, dat ie [REMOVED] wordt, wanneer is dat? Dn dweilband van dn TTH kan misschien komen spelen",0
117562, OK dan had je daar eerder mee moeten komen en niet nu op dit moment gaan zeggen dat ik alleen maar loop te kankeren op je club ,0
117563,Haha maakt niet uit.. haha jaa waar is die zon..,0
117564,Waar ben jij,1
117565,Hee [REMOVED]! Hoe issie?? Ben jij van plan morgen naar dat hoorcollege van [REMOVED] te gaan?,1
117566,Of woensdagochtend,0
117567,Oke! Had je de notulen van de vorige keer nog gelezen? Nog iets daarin wat we moeten bespreken vandaag bij db?,0
117568,"Hallo bijna-huisgenootjes üòäIk had nog een paar vragen:[REMOVED]‚É£ kunnen jullie Zosja (ik verstond eerst [REMOVED], later Zosja dus nu moet ik toegeven dat ik niet weet hoe ze heet) vragen hoe laat ze denkt dat ze op [REMOVED] december al haar spullen weggehaald heeft? Want misschien is het handig als ik met al mijn rotzooi gewoon daarna kom[REMOVED]‚É£ kunnen jullie haar ook vragen wat ze van plan was met het rolgordijn, de gordijnrail en de kast met plankjes? Maakt mij verder niet uit wat ze doet maar is wel handig om te [REMOVED]‚É£ ik was vergeten te kijken hoe goed de deur naar het balkon beveiligd is. Het is geen onveilige buurt maar je kunt wel erg makkelijk op het balkon komen. Dus: wat zit er voor slot op de deur nu?4‚É£ ik heb thuis allemaal gezelschapsspelletjes zoals [REMOVED] en [REMOVED] en nog een heel stel. Ik neem ze graag mee, maar met vrienden in [REMOVED] speel ik ook nog weleens iets. Dus: spelen jullie graag spelletjes of eigenlijk niet echt? Want zo niet - en geen probleem hoor - dan kan ik ze misschien beter thuis laten.",0
117569, Laat maar weten hoelaat je er bent schat ,1
117570,Hij is bestuur geweest,0
117571,Als jij dan met vriendinnen weg bent kan ik evt. dinsdagochtend tot zeven uur,0
117572,Je mag m'n kamer wel lenen :) zit toch heel de dag op stage :p,0
117573, Niet goed schat! Hoop dat je morgen beter bent ,0
117574,Ja dat kan dinsdag,0
117575,"Hee, ik ben denk ik de [REMOVED] t/m de [REMOVED] weer even in [REMOVED].En: vinden jullie het ok√© als ik op zaterdag [REMOVED] januari in de middag m'n familie uitnodig om m'n verjaardag te vieren en te laten zien waar ik woon?",1
117576,drie uur?,0
117577,Gaan we morgen naar school of niet??,0
117578,Heeee! Eum hoe laat is dat? Ik wil wel namelijk!,1
117579,Vanavond naar die NSN-shit?,1
117580,Perfect! Ik geef het door en dan hoor je het morgen definitief van me. Maar doatske zei dat ze waarschijnlijk wel gewoon kon,0
117581,En dinsdag klinkt zeker goed ,1
117582,Ik bedoel natuurlijk tot straks!! X,1
117583,En ik mag gebruiken wanneer ik hem nodig heb,0
117584,Ik heb vandaag ook geen KK gedaan,0
117585,Tot hoe laat duurt dat debat?,0
117586,zes uur valt mee,0
117587,Laatste dag :-(,0
117588,"Ben je workie workie? Ik dacht anders kunnen we record store day, speciale plaatjes vinden enzo",1
117589,Belt ze kwart voor tien,0
117590, Wanneer ga jij dan? ,1
117591,Wat wil je vanavond eten?,0
117592,En prima... Moet hij ook voorzien worden van avondeten enz? :p,0
117593,Maar ik bedoel het klokje erbij dat driekwartier aangeeft,0
117594,Ik ben morgen thuis,1
117595, Ga er over een half uurtje heen ,1
117596,Ja ik zal kijken hoelaat ik wakker ben maar sws wel om [REMOVED],0
117597,"Eyo, als je even hebt, wat kan ik allemaal verwachten bij dat gesprek morgen? Of wat moet ik allemaal weten",0
117598,"Hee , [REMOVED] is mij aan het helpen om de spelregels vorm te geven en we hebben nu een mooie bosachtergrond, maar het leek mij leuk om een plaatje van een kabouter erbij te doen met het hoofd van [[[[REMOVED]]]] er op",0
117599,"Nog beter idee, kom woensdagavond mijn auto maar halen, dan kinnen we donderdagochtend hier beneden afspreken....",1
117600,Mooi!! Stuur je foto's?,0
117601, Jij bent morgen gewoon hele dag thuis? ,1
117602,Moet jij vroeg weg?,0
117603,Nee! Zal ik dan daarna nog even echt langskomen?,1
117604,Werkse nog vandaag!,0
117605,Ik ben donderdag zo'n beetje de hele dag in [REMOVED] ben jij daar dan toevallig ook? [REMOVED] en ik gaan na het avondeten richting [REMOVED],1
117606, Hahaha kan! Heb ik [numerical_value] keer gezien ,0
117607,"Nee, want eerst moet alles ingevoerd zijn en scriptie wordt past over een paar dagen ingevoerd. Jij wel?",0
117608,Blijkbaar kan je bij de hema voor [REMOVED] avondeten,0
117609,Of ben je id buurt,0
117610,Donderdag zin om naar het eindfeest van meerdere geesteswetenschappenstudieverenigingen te komen? :D,0
117611,Duurt lang,0
117612,En dat kan natuurlijk ook,0
117613,Waarschijnlijk had je echt van die kut vragen,0
117614,Wat wil je zien?,0
117615,Hoe was t vandaag? Ging t goed met de metroow enzoow?,0
117616, App maar hoelaat je naar huis gaat ,1
117617,Ok!! Tot strakss!! Zxxxx,1
117618,Hoi liefje! Ik ben nu wakker. Werk se vandaag!,0
117619,Als je mijn wachtwoord belooft te vergeten en het whatsapp bericht waarin ik het stuur verwijder wil ik het wel vertellen,0
117620,Hoe laat zullen we doen,1
117621,Ik was eerder dan!,0
117622,Nu moet ik elke keer naar een radiostation om iets op te nemen,0
117623,Het wordt vijf uur voor mij:p zit net in de trein! ,1
117624,Dat je ondanks al je zenuwen toch maar een mooie [REMOVED] verjaardag mag hebben met lekker veel biertjes Óåí,0
117625,Nu heel even en straks ook niet mewr,0
117626,Hoe laat wilden jullie gaan?,1
117627,Is van jenniskens ds duurt nog even,0
117628,[REMOVED] maart acht uur en dan spreken we dan voor de week erna wel af,1
117629,Moet je vanavond werken?,0
117630, Zit er niet op te wachten jou pas dinsdag te zien terwijl ik je gewoon echt nodig heb ,0
117631,Hoi liefje! Super goed! Ik ben nu ajax aan het kijken :). Weet je al hoe laat je thuis ben?,1
117632,"Dat is goed, maar dan moeten we wel samen spekjes halen, want dat wilde ik onderweg naar jou doen^^",0
117633, Ja en daarna door een half doorgezaagde kast met gebruik van een gordijn verdwenen naar de achtergrond. ,0
117634,"Heej [REMOVED], ga je vanavond ook naar de les? Zo ja, zou ik dan weer mee kunnen rijden? Groetjes, iris",1
117635,Vrijdag weer naar jou ;-),1
117636,Oh hee trouwens ik ben vergeten in de notulen te zetten dat we in de week na de intro overleggen,0
117637, Ben er met de vrijmibo. Maar straks nog even studeren dus ben al weer weg als jij er bent ,1
117638,"Ik zit nu aan mijn stageverslag, beetje laatüò™",0
117639,En gie voelt het om tijdens het zesde al thuis te zijn,0
117640,Ja waar moeten jullie heen? Maar opzich komt me dat goed uit ja ,0
117641,Ik haal [REMOVED] straks wel ff op van de bushalte,1
117642,"[REMOVED], we hebben mentoruur",1
117643,Oh dus je was eerder thuis?,0
117644,Een uur was te lang?,0
117645,"Het gaat er zometeen uitzien alsof ik achterlijk veel bij me heb, maar het valt echt mee!",0
117646,Waar ging je nou heen op zondag?,1
117647,[REMOVED] waar ben je,0
117648,Dan zie ik je donderdag wel Óêï,1
117649, Ja kado komt volgende week waarschijnlijk binnen. Heb ff gebeld üòú ,0
117650,Laat maar weten als je naar horst gaat:),0
117651,Anders zien / kunsteschiedenis,0
117652,"Niet meer dan normaal nee, maar net als bij mensen vallen iedere dag haren uit natuurlijk",0
117653,Die is nml [REMOVED] dagen in nl,0
117654,Weet jij af je de auto meekrijgt morgen [REMOVED]?,0
117655,Hey kon je niet zien,0
117656,Ik keek net in het rooster en van een vak heb ik dan een uur hoorcollege in de week dus drie keer!üòü,0
117657,Haha daarvoor moet je dan weet misschien bij [REMOVED] zijn :p,0
117658,Haha oke! Ze zullen binnenkort toch wel nagekeken zijn. Structuur en lit ges,0
117659,dus zou op zn vroegst acht uur in maastricht kunnen zijn,1
117660,En dat is waar,0
117661,"tuurlijk, is pas half een",0
117662,En dan vanavond even met jou en dilara stress-relief,1
117663,En elke tweede zaterdagochtend van de maand doen we duopaaldansen,1
117664,Nee moest net op station wachten.. brrrr,0
117665,"Ah juist, ik bedenk me net dat je mij niet perse nodig hebt, ik heb het immers al gezien",0
117666,Kwart over [REMOVED],0
117667, Ga je daarna nog borrelen? ,1
117668,Waarom heb je de Starbucks nodig?,0
117669,Ojaa vrijdagavond kunnen we mss wat gaan drinken met michelle en nog een paar?,1
117670,"[REMOVED], vind je het ok√© om komende week in de kelder te overnachten? Dat geeft ons allebei wel wat meer ruimte voor onszelf. Ik overleg even of je de sleutel kunt krijgen, dan kun je gewoon in en uit wanneer je wilt.Welke nachten wilde je ook alweer blijven?",1
117671,"Mwaah, was wel al gereserveerd. Maar is zon perfecte dag voor t feest",0
117672, Dag [numerical_value] in m'n onesie ,0
117673, Ik hoop dat je vanavond thuis komt! ,0
117674,wat heb je allemaal gekocht en waar ga je heen dit weekend?,0
117675, Maarja dan kan ik pas [numerical_value] uur ofzo in eindhoven zijn ,1
117676,Niet tien uur lang natuurlijk,0
117677,"Ja dat laatste weet ik ook niet, misschien vind hij editen gewoon heel saai",0
117678,"Heb net dit bedacht voor [RE[REMOVED]OVED] en ben helemaal blij^^Beste [RE[REMOVED]OVED],Geen paniek! Je hoeft niet mee in de zak,Omdat je een metal-shirt draagt onder je pak.De [REMOVED] waardeert zelfs jouw moed,En draagt daarom graag iets bij voor je voet.",0
117679,Jij bent er rond [REMOVED] dan vanavond toch?,1
117680,Ik begrijp dat je alle bestanden met [REMOVED] bij de dagboeken in [REMOVED] transcriptie zet?,0
117681,Vroeg op bed pop,0
117682,Dus ik moet de laatste trein pakken,1
117683,;p vanavond wel weer in nimma,1
117684,Oh nice;)! Ik irriteer me nu echt dat tinder het bij mij niet doet. Welke was dat dat? Een van de knappe die je had laten zien,0
117685,Vertel ik morgen üëç,0
117686,"Hey sinan, sorry als ik je wakker maak, maar ik wilde vragen wat jij doet.. Ik rij over iets van een half uurtje weg naar [REMOVED] weer. Blijf jij nog een nachtje in [REMOVED]?",1
117687,"Hoe laat, waar?",1
117688,Al een idee waar de ikea is daar?,0
117689, Daarna ff bellen h√® ,0
117690,wij gaan gewoon vreten dus zien je wel verschijnen x,1
117691,Hoelaat denk je thuis te zijn/ben je er bijna?,1
117692, Volgehouden vandaag? ,0
117693,En vanochtend bij de dierenarts was ie ook braaf,0
117694,Bij kkp heb ik tijdens intro heel vaak de verkeerde afslag genomen. Ik vertrouw dat echt niet. Ik ken mezelf.,0
117695, Vanavond pas ,0
117696,Waarmee?,0
117697,Ja misschien wel... Hoewel we niet de hele dag nodig hebben voor boodschappen en huis gereedmaken,0
117698,Hoe laat ben je bij val?,1
117699,Vandaag ook goed :p,0
117700,Maandag kunnen we ook komen:),1
117701,Samen fietsen?,1
117702,Nee tot half twee. Daarna nog met de trein naar huis,1
117703,"Ik zou vanavond na toneel naar m'n ouders gaan, morgenochtend een afspraak in [REMOVED]. Ik hoop dat ik nu even kan slapen en dan op wonderbaarlijke wijze meteen weer beter kan worden zodat ik alsnog weg kan vanavond...",1
117704,Kan mam/pap me over wen halfuurtje komen halen maybe?,1
117705,Die duitse jongen vraagt of het in [REMOVED] een uur eerder is dan in [REMOVED],0
117706,Vijf uur bij jou? Ik moet daar om zeven uur zijn?,0
117707,Bij de ouderdag sowieso niet!,0
117708,Maar ik heb dus tussenuur gewacht,0
117709,En stuur maar terug als je klaar bent,0
117710," [REMOVED] we doen na diplomauitreiking met naar lidl gaans, die is tot [time] open, smam heeft vanmiddag de auto nodig ",1
117711,Ik heb 'm misschien al gezien,0
117712,Oo dan heb je het nog wel druk dit weekend!,0
117713,"Wel een meisje die graag een ""gay vriend"" hebben. Zat ze daarvoor op. Wat een kneus. Ook meteen afgekapt nu",0
117714,Ze liet zelfs fotos zien die ze samen met de cast van die show had gemaakt,0
117715,Ja volgende x beter,0
117716,"De mijne was [REMOVED] euro. Ik kan jullie zijn naam doorgeven, hij zit ook op marktplaats. Moet je alleen wel ergens in overijssel die fiets ophalen",0
117717,"Hee, hoe was je week? Ja [REMOVED] is wat mij betreft prima, mn trein is er ook om [REMOVED] als t goed is ;) Die uit [REMOVED] ook of niet?",1
117718,Deed jij [REMOVED] dagen?,0
117719,Is er morgenavond ook iemand? Ik eet bij [REMOVED] want zijn huisgenoot is een weekend weg en hij heeft ook katten...,1
117720, In de mood voor een geile avond in m'n eentje üòâ ,0
117721,Cool cultuurcafe over [REMOVED] min?,1
117722,Ik heb menig studentenkamer gezien wat meer op een schoonmaak hok leek,0
117723,Niet voor vier uur liefst :p,1
117724,moet vandaag ook weer met m sluiten oftewwl alleen,0
119101,Joo sander al onderweg? ,0
119102,Thanks :D,0
119103,Ik fietste net achter jouüòÇüòÇ,0
119104,Even bijkomen? üòú,0
119105,"Kan ik met het biertje trouwens ook doen, hoef je geen nieuwe te halen",0
119106,"Ja gelukkig wel, waren gewoon mn darmen",0
119107,Tsss,0
119109, Kk veel stress door die bar en geen tappers voor t open feest ,0
119110,Hmm laat maar ik zie dat we inderdaad iets dubbel gedaan hebben,0
119111,Maar ze heeft beloofd het voor zich te houden,0
119113,Ik lijk lol,0
119114,BUT I KNOW IT'S JUST A HAAAAAAAND üëã,0
119115,Ik werk 9 uur per week bij de c,0
119116,Zit je deur nog op slo,0
119117,Hihi,0
119120,Hielke heb jij op je laptop ook enig overzicht van welke dingen jij gedaan hebt?,0
119122,Zeg heeft  recht op eten of zeurt hij gewoon ontzettend?,0
119123,Ja ik zie het ÓÄé,0
119125,Dat zeker ,0
119126,Mn camera is niet zo scherp üòÖ,0
119127,Jaa is goed,0
119128,Hahaha!!,0
119129,ÓÅñdankuuu,0
119131,Ik stond echt gwn bijna een half uur in de rij door een opstopping. Iedereen zat zo te zien op internet,0
119133,Hij was vergeten dat hij ons ook les moest geven. Dus toen kwam hij nadat hij gebeld was drie kwartier te laat. En toen moest er een andere groep in ons lokaal en mochten we mee naar de afdeling cardiologie en heeft hij daar de rest van de WG gegeven.,0
119136,Ja gaat beter!,0
119141,*indd,0
119145, Lekker! ,0
119146,Jaa hoor hahahahaha,0
119149,Nee ;p,0
119153,Hij wil er een korte reeks over schrijven maar waar weet ik niet.. Hij schrijft voor een filosofie-website maar of het daar nou interessant voor is...,0
119154,Maar als ik met  pak aan erheen ga hoe nemen we dat pak dan weer mee terug?,0
119155,"Maar woensdag kom ik denk ik wel even langs, ook al is mijn hulp dan niet echt nodig",1
119157,Ja,0
119159,Voor jou?,0
119160, Ik rij morgen om half [numerical_value] aan ,0
119162,Half ?,0
119163,Oh die zeven ging perongeluk,0
119164,Hoe ging het ?,0
119165,Oh ik heb trouwens overdag snack en savonds aqua,0
119166,Ja,0
119167,Dan ga ik toch voor  over ,0
119169,Ja,0
119173,Ja,0
119175,Die twee voor je appen ook met elkaar,0
119176,"Oh ja. Ben nu niet thuis, zal m morgen even zoeken en een foto maken ervan",0
119177,Ja daarom werk ik bij t meerdal en ben ik niet in londen,0
119180, Joo ,0
119181,Ja ik ook,0
119184,Het is nl half uurtje fietsen enkele reis...,0
119185,Nou dan niet,0
119186,Draaamaaa,0
119188,Ja,0
119189," Jezus, dat is moeilijk zuur! ",0
119196,Durf ik niet aan,0
119197,Al helemaal gewend aan je nieuwe telefoon?,0
119200, Heb ik niet gedaan. ,0
119201, Neem je wel te telefoon op? ,0
119205, Please ,0
119206, Moet ik anders straks voor je koken? ,1
119207,Gesprekken zijn loessoe,0
119211,echt he,0
119212,Billenman haha,0
119213,Dankuu,0
119214,Cute x,0
119215,"Heujj! Wifieeee! Nou, geniet lekker van de rust thuis, alvast heel veel succes donderdag met je examen en tot vrijdagavond! ÓêïÓêò xxxxxx ook voor pap, mam,  en de visjes ;p",0
119217, üòî ,0
119219,Tekenen,0
119221, Snel schatje! ,0
119222, Ai dat is wel een eindje ,0
119224,"Zou wel handig zijn, dikke voorsprong met Frans :D",0
119225,Jazekers,0
119226,Heeeeeeeeel,0
119228, En is breder dan alex ,0
119229,Ik zal het wel niet stelen,0
119230, Ben al klaar dus ben wel om [numerical_value] bij jou ,1
119232,Hahaha üòâ,0
119233,Ga ik die regelen :),0
119235,Maar we gaan niet samen ik zie je morgen pas,1
119236,Hoe vind je het inmiddels om penningmeester te zijn?,0
119239, Oohhja zag de advertentie!! ,0
119240,"Hoi liefje! Ik ben nu net thuis, maar ga zo naar de film met dorothee. Kan ik je zo ff bellen?",0
119241, Waar staat dat konijnenhok? ,0
119242, Mijn fiets is alweer gemaakt ,0
119247,Ja,0
119248,Ja,0
119250,Lig een beetje voor Pampus uit te buiken nu,0
119251,üòä,0
119252,AAAAAH,0
119253, Ja was prima. ,0
119254,Ja denk het ook wel ooit,0
119258,Slaap lekker!!,0
119259,Wij zijn ook iets later. Stappen nu op de fiets,1
119262,En ik ben er over ongeveer  minuutjes,0
119263,Jawolll,0
119264, he rest in peace ,0
119265,Lekker cheap haha,0
119266,Sjit,0
119267,Lets go to radstake en dan stalken hahahahaha,0
119268,Haha echt top indd,0
119269,Hee  ik belde net ,0
119270,Heb m tegen m'n laptop geoefend,0
119271,Oh:s en wat zij je dan? Of niet echt een antwoord gegeven,0
119275,Ik wist het!,0
119276,Nee ik zei dat het goed ging en dat hij moest stoppen met smsen;p,0
119277,Vast wel! Jaartje knallen nog:),0
119279," , klein beetje duurder maar wel iets beter dan die ",0
119281,En  ook niet,0
119282,Dat is de opdracht,0
119283, En krijg net te horen dat ik een vd drie tentamens niet mag maken ,0
119285,Mijn moeder gaat mee,0
119286,Okay:),0
119288,Haha nice ;),0
119289,hooooi,0
119290, En een man enz ,0
119292,Nehoor,0
119296,"Maarre... Hoe weet hij allemaal precies hoe het in elkaar zit? Is hij voorzitter van hoe heet zoiets, vereniging van eigenaren?",0
119297,Ja,0
119298,Gewoon shots van veel mensen die plezier hebben met muziek eronder,0
119299,Tsss,0
119301,Omdat ik opeens een competitieve drang in m'n onderbuik voelde opkomen,0
119304, Gelukkig heb ik de strippen kaart npg üòâ ,0
119306,"Te knap, voetballer toch?",0
119308,Om een uur of ?,0
119309,Oh. Opbellen?,0
119313,Kreeg een standaardantwoord terug,0
119315,Mooi,0
119316,üòä,0
119317,Voor het eerst EHBO in de praktijk toegepast. Een vingerdrukverband aangelegd bij mijn moeder die zich in de vinger had gesneden.  Ach ja klein beginnen enzo üòâ,0
119322,Die weet dat,0
119323,"Maar wss doen we hele concrete hoofdvraag als Hoe kun je het effectiefst leren voor een examen, want dat heeft betrekking tot iedereen zeg maar en dan doen we als deelvragen Hoe werkt het geheugen en welke leerstijlen zijn er enz",0
119324,Jaaa! V :D,0
119327,Ja,0
119330,Ik wilde het gewoon even zeggen:p,0
119331,Do you want to be my date? :),0
119332,Ja daarom,0
119333,Ok top,0
119334,Of ben je er heel nuchter doorheen gestruind?,0
119339, Je bent toch met de auto denk ik toch? ,0
119341, Half [numerical_value] ben je hier? ,1
119343,Er is ook een blote konten voorkant maar deze is in de mediatheek vgm,0
119344,Nee van m'n step,0
119345,Heeft al chips‚ò∫,0
119346,Ja,0
119347,Oh wacht  is het goede antwoord. Dus dan bedoelen ze denk ik toch na het dotteren.,0
119348,;),0
119349,Zeg jij maar hahaha,0
119350,Vreemd,0
119351, Ja beetje wel üòä ,0
119352, Doe ik ook niet ,0
119353,Ja,0
119354,Aah arme jij,0
119355,Okay:),0
119357,Zo hee,0
119358,Hihi,0
119359,Ja er zitten meer nadelen aan dan voordelen hoor ik zo,0
119361,"Haha ja presentatie ging zoals geoefend! En we zijn nog los ge√Ønterviewd! Haha, giller van de eeuw xD",0
119362,Ja,0
119364, Ik ga duimen voor  ,0
119367,Welke onderdelen zijn er eigenlijk bij de ema's?,0
119368, Ik ben half [numerical_value] klaar denk ik ,0
119370,Nie zo veel hoor ahaha,0
119374,Dus dacht ik nog maar even op de pauze te waxhten,0
119376,Wie gaat er weg?,0
119377,Haha succes ÓÄé,0
119378,Oh ok cool,0
119379,Ga wel nu de kaartjes kopen,0
119380,nu nog zu hause,0
119381,Oh zo,0
119382,Ik moet gaan sorry tot morgen,1
119384,Ik zet het wel op de wiebetaaltwat,0
119385, en ,0
119386,Ik heb trek in een mcflurry,0
119387,Haha:p je flirt gwn met taylor,0
119388,Wou*,0
119390,Jahoor komt goed:),0
119392,Saaiheid haha,0
119393," Nee, lig dood op de bank ",0
119394,Heel leuk!,0
119397,En je had het waarschijnlijk niet door maar je hebt me overgehaald,0
119399,Dramaaa,0
119400,Ben je een beetje het hoofdstuk doorgekomen?,0
119401,De hotelkamer is relaxed :),0
119402,Daan en ik fietsen met z'n twee√´n,0
119407,Heb geen zin,0
119408,"Haha ok√©, ik begin nu met koken",0
119409,Tot straks maxie!!,0
119411,Ja is goed,0
119413,Ga jij naar gym?,0
119416,Hij komt naar mij,0
119419,Ik zit im de bieb ,0
119420,"Jaaa ik ook, wordt echt vet denk ik!ÓÅñ",0
119422,Hoe zo,0
119424,Ik meer van jou! Hoe is het met de monsters?,0
119427, woonde jij toevallig op  ?,0
119429, Kom er zo aan ,1
119430,We doen toch dinsdag,0
119432,Maar ook over bio enzo,0
119433,Ja,0
119434,Vgm is t  per  cinder blocks,0
119436,Ja echt super hoog,0
119437,Ja ben er best wel bang voor,0
119438,Haha goed punt toch maar geen deo,0
119442,Lol is niet erg meid,0
119444,Tot morgen!,0
119445,Ik ook. Al was dat wel een beetje een gok.,0
119447,Goed he?,0
119448,Niet officieel uitgesproken ofzo,0
119449, Beter dat we snel seks hebben ,0
119450,Dus ik moest blijkbaar gister al van half 9 tot  en vandaag en zaterdag,0
119452,Fonologie doe je vrijdag?,0
119453,Klopt,0
119459,Kan. Ik fiets om half 9 aan :p,0
119466,Gelukkig want ik durf er toch niet in ;D,0
119468,Ja,0
119469, Was wel leuk ,0
119470,En ik had ook gelijk die samengevat boekjes gehaald,0
119475,Heb net me salaris binnen van de tempelier dus die gaat naar brussel ,0
119483,Aan de ene kant vind ik zo reizen wel leuk omdat je veel ziet enzo maar het is wel heel vermoeiend hahaha,0
119487,Ew,0
119490,Em de ,0
119491,"En voor de theoretische inkadering, moet je dan een van de approaches kiezen ofoz? ",0
119492,Uh nee haha,0
119493, Lekker! ,0
119498,Wat was de arrow terug kijk site? :),0
119500,N keer,0
119507,niet,0
119510,Want het klikte naar mijn gevoel best wel,0
119511,Wat in een tentje?,0
119513,"Gemopper, gemekker, gezanik en gezeur! ÓÑÖ",0
119514,En ik kan Engelse woorden niet spellen,0
119516,Dinsdag rond ?,0
119517,Maar denk wel goed genoeg,0
119521,Wordr je daarvoor opgepakt?,0
119522,Haha dit heeft met schuld daaraan niets te maken!,0
119524,Ja,0
119527,;),0
119529,Jaa is goed,0
119530, Daar zeg ik ook niks over ,0
119532,Tja onze magnetron en oven zijn hetzelfde ding,0
119533,"supersaai feestje eerst natuurlijk, voor die mannen, kom ik ineens binnen",0
119535,Vooral ongesteldheid toch?,0
119536,Nee nog niet..ÓêÑ,0
119537,"Ik zag net om  voor  dat je eigenlijk de pagina van de literatuur moest inscannen en als bijlage moet toevoegen. Toen had ik er alleen geen tijd meer voor, dus ik hoop dat ze citaten en duidelijke bronvermelding ook goed vinden.",0
119538,Nee vgm niet,0
119539,"Ehm niet echt... College , en moet 16 in   zijn (lezing met studievereniging) en in de avond  Debat",0
119540, #Superlekker ,0
119541, Had ,0
119546, Wat jij wil ,0
119548,Zij stelde het voor hahaha,0
119549, Okee chilll ,0
119551,Omfg,0
119552,"Nee, dat was . Super irritant dat hij zo laat alles aan het schoonmaken is. Hij heeft ook een aparte vuilniszak gepakt en die half volgegooid ofzo, lekker handig Óêé Ik zal zo een muizenval in de keuken zetten ook.",0
119553,Wat ik heb alleen het onderwerp en wert dus niet of ik dat nog moet doen üòã,0
119559,Hoi liefje! Ik zit nu in de trein :). Ik zie jou vanavond :). Love you!,1
119563,Alleen heb ik nu geen toets hahahaha,0
119566,Tijdens muziek toetsüòÇ,0
119567, Moeilijk kut ,0
119568,Normaal weet ik er maar  nu wist ik ze wel paar,0
119569,Kan jij vandaag afspreken,1
119570,Hmmm,0
119571,Jij was wel best stil deze week soms,0
119572,Als t toch maar  euro is,0
119574,Hihi,0
119576,Hihi,0
119578,He maat thanks,0
119579,waar?,0
119580,Haha is goed hoor !!,0
119581,Is ook d,0
119582,Wij zijn underground,0
119586, Laat hem je brede borstkas zien! ,0
119587,Maar je bent nu dan bij  dingetje?,0
119589,Vond t  van de aardigsteüòÇ,0
119590,Ok tot dalijk xxx,0
119591,I ‚ù§Ô∏è u  ,0
119592,Ja,0
119593,Raar!,0
119594,Was paar keer dom bezig haha,0
119598,Zo lullig dat het op je verjaardag is..,0
119599,Haha heb je navigatie? Anders ik wel on my phone,0
119600, en ,0
119601,Eten wss zondag niet mee,0
119603,Als ja langs mij huis fietst eerste straat rechts,0
119607,Zal t niet doorlullen x,0
119609,Ja beter dan niet halen he ;),0
119610, Nu echt? ,0
119611,Ben je nu fan geworden?,0
119613,WAs geen grapje,0
119614,Volgende keer ga ik lekker naar de taptoe,0
119615,Er is niet meer afl op de wereld,0
119616, Weet niet schat ,0
119617,Hahah muts,0
119619, Niet echt volgens mij ,0
119620,Ahw :),0
119625,Take him,0
119626, Ben niet saggerijnigggg ,0
119629,tats a bummer,0
119630,Vanochtend verjaardag van noa nichtje gehad,0
119631,Ja,0
119632, Succes ,0
119633, Ja lekker met jou chillen ! ,0
119636,"Hahaha, ok, komt goed dus ÓêÖ",0
119637,Idk 9 uur?,0
119638, En stef dan die is toch indirect vice praeses. Kan die de visitatie niet doen? ,0
119639,ÓêìÓêìÓêëÓêë,0
119642,Leuk dit. Oh ik hou zo van uitval in de ochtend,0
119643,Ja heftig,0
119644,Ja ik had door die ruil met JJ  keer achter elkaar de badkamer maar had hem redelijk goed gedaan en hij was niet veel gebruikt dus dacht ik kan hem wel nog een keer doen maar dat is een beetje onzin (aangezien ik de week daarvoor hem op zondag gedaan had of zo),0
119646,Jawohl,0
119647,Ja,0
119648,Prima!,0
119649,Hahaha maakt niet uit joj,0
119650, Schrijf jij je in voor t gala zo? ,1
119652,Duss behalve het lelijke onoverzichelijke gebouw is het te doen,0
119653,Ik sta haast in afferden,1
119655,Zoals in een duikboot weet je wel,0
119656,Hoe was het in t museum?,0
119657,Picknick :D,0
119661,Ja,0
119666, Nee heb ik ook geen zin.in. Dus zal nog wel is rustig vertellen ,0
119667,Pap kan ik zo even op en neer kachelen naar afferden want ik heb mn oplader daar en ik heb m echt nodig voor morgen,1
119668,Echt een mooie telefoon,0
119670, üòä leuk ,0
119671,Heb je eraan gedacht dat ik vanavond gewoon mee eet,1
119673,Maar ik spaar voor een fiets,0
119674,Rond 9 uur? Hoe laat wil je terug gaan?,1
119675,Ja,0
119679,V en [[[]]] geloven het,0
119681, Ben nu bij hem ,0
119682, Wat kut ,0
119684,Ik stuur ze iig :),0
119688,Buitenkunst*,0
119689, En een broodje kaassouffle ,0
119693,Ja is goed,0
119694,Ja is goed,0
119695,Wie komen er allemaal?,0
119700,En ik ben ook beter in mensen enthousiast maken over iets wat ik heel graag speel ipv iets wat ik maar zo zo vond üòá,0
119701,Kklijer,0
119703,Bahbah,0
119704,Ik heb andijvie gehaald voor vanavond!,0
119705,Hopelijk haha,0
119706,maar daar staat nog niet erg veel in,0
119709,Ja,0
119710,Dan en ik wel klaar,0
119713,Moeder al overgehaald om je krantjes te doen?,0
119715,Oh jee,0
119716, Als jij ff thuis wilt slapen is dat ook niet erg natuurlijk ,0
119719, Ben nu even bij Ben ,0
119722, Heb hem al opgebeld ,0
119723, Een na laatste snap moest niet naar jou. ,0
119724, liefde! ????,0
119725, Ja die kut hoer ,0
119726,Dat doen we wel,0
119728,Ik had hem gisteren geokt op twitter,0
119730,"Ik kom over een kwartiertje ofzo, ok? :)",1
119731,ÓîüÓåí,0
119733,En dan gelijk tv uit en douchen!,0
119735,En helemaal mooi dat je e nu n stuk beter voelt!!!,0
119736,Wij hebben sr gekeken en nou santa claus .. En ja de kadootjes zijn uitgepakt!,0
119739,"Haha, wel beetje laat, maar goedüòú",0
119741,Spinazie vandaag,0
119742,Heeeey juuntjeeeeee,0
119743,Qua uiterlijk,0
119744,Ja doe maar:) maar ik wil maandag wel Alles weten!!!,0
119745,Houd op:),0
119746,En gezellig:),0
119748,Vanavond gaat niet meer sorry:/,0
119751,We hebben t  ste  volgende periode,0
119753, Jij in je oude kamer? ,0
119754,Opweh,0
119757,Haha mama vroeg net: komt judith vanavond ook? :),0
119758,Ja oke,0
119759,Hihi,0
119763,ja ja ik weet! Schon pletje!ÓÑÖ,0
119764,We rijden om  vannacht weg,1
119767,Zoek t op haha?,0
119768, Vind het goor ,0
119769,Beter ÓêÇ,0
119770,Hihi,0
119771,Hahaha nouja voor zijn doen wel dus,0
119774,Heeeyy,0
119776,Ew,0
119779,Nou volgens  ging haar vader altijd sporten met  en dat verhaal over dat  alleen hulp zou krijgen met een huis kopen als ze met  zou verhuizen...,0
119780,Geregeld je kan mee eten :),1
119781,Ja dat wilde ik zelf ook zeggen ;),0
119782,Stap wel in de goede bus want dat deden wij niet :p,0
119783,Maar ja ik vind het ook irritant,0
119784,A je telefoon,0
119785,Ja en wel voor de intro anders duurt het te lang haha,0
119787,VenD echt leer sta al in de rij bij kassa,0
119789, Ben ff pauze houden ,0
119793,Ja ben weer beter thanjs,0
119795,Ja,0
119796,Ja,0
119797,Kan ik nu gewoon echt niet hebben,0
119799,Zwaar leven.,0
119800,Oke doe maar,0
119804,Ik had die jaap ff volgverzoek gestuurd op V dr account,0
119806,Wel uiterlijk ,0
119807,Hihi oke ik ook bijna,0
119808,Want als ze wat riepen was t een heel ander gelui,0
119812,Mannschaft is een team,0
119813, Zo gemotiveerd ben ik nou ook weer niet ,0
119817, Heb ff oplader bij jou opgehaald en ook [numerical_value] bier mee genome ,0
119818, En dit zijn collegas ,0
119820,Hmm okee üëå,0
119822,"Ik ga morgenochtend zwemmen, dus dan douche ik daar :)",1
119823,Haaaaiii Lol die luiheid van het niet  willen typen dus foto XD,0
119826,Thans,0
119828,Anders doen we dat morgen wel na lyrik,0
119829,Heel veel groetjes van iedereen hier!!,0
119831,Kan ze opzich wel gwn weggooien,0
119833, Maar mis je wel ,0
119834,Ja,0
119835,O dat klinkt me heeeeel erg bekend voor,0
119837,Neeeeeehhh ik ben sins kiort allergisch voor het ,0
119838,nee alleen met jou,0
119839,Ja maar,0
119840,Half  tot ,0
119841,Komt mitchel niet?,0
119842,Hahaha. Toedeloeeee,0
119844,weet je waar we zitten,0
119847,Nu kwart voor 9,0
119848, Hhahah is goed üòâ ,0
119851,"Even ter info: ik ben vanavond naar m'n ouders en blijf daar morgen, maar ik zal zondagmiddag terug zijn dus kan ik  eten geven.",1
119853,Yesyes,0
119857,Bij de tafels op de tweede verdieping.,0
119860,Nu nog toestemming...,0
119863,Ook :),0
119864, Hahah dat was wel erg ja ,0
119865,"Joo , vraagje. Ik moet whats app gesprekken insturen voor een corpusonderzoek van whats app gesprekken voor mn master. Mag ik dit gesprek insturen?;)",0
119869,Mooi,0
119871,Hahah nee tuurlijk niet,0
119872, Stephen ,0
119873, Lig op de bank voor de tv omdat ik nu niet de mood heb om daarheen te lopen. ,0
119875,Ja,0
119879,Maar wat moet er dan gebonden worden?,0
119880,Weltrusten,0
119883,Heb je hem echt niet anders opgeslagen?,0
119887, Ik shake helemaal ,0
119888,Maar ga morgen op bezoek,0
119889,Het is wel een lekker positief stem geluid,0
119890,Bedankt voor de tip,0
119891,"Nou, ik moet het inleveren voor het college van morgen en ik vind het te laat om in te leveren om twaalf uur want dan kan ze het niet meer lezen :p",0
119892,"Trouwens...als ik zo eventjes niets zeg dan kan dat...heb op dit moment en in mijn volgende trein wifi, maar op het station zelf nog niet....üò¨ÓÅñ",0
119893,Ja,0
119894,ÓÄë,0
119898,Any advice?,0
119899,Ik ben hier voorlopig al dik tevreden me,0
119900, Facking ver ofniet? ,0
119901,Haha om te messen,0
119903,Zit je in de intercity:p?,0
119904,Die trein ging  over weer rijden... Roepen ze om: deze intercity maakt een extra stop in driebergen-zeist!,0
119905,Ik zou zeggen naar een van die secretaresses; ik heb van het weekend even gezocht en er is zo'n lijstje met alle vier de secretaresses van ciw en eentje daarvan gaat over de roosters; wacht ik zal even kijken of ik die terug kan vinde,0
119909,Oke zal zeggen,0
119911,Oh wat leuk!!!!!!,0
119913,Weetniry,0
119914,Ja best wel en nu gaat t ook wel weer goed,0
119916,Heb alleen groen in ,0
119918,Heb jij trouwens een leuke foto van ons samem?,0
119920, Tuurlijk schat. Jij kan dat üòò ,0
119921,Jep is goed!;),0
119923,"Ja, samsung galaxy s+",0
119924, Dit is pas opwindend ,0
119926,Is ook zo,0
119927,Half ?,0
119928, ? ,0
119929,Haha hoezo jij gaat toch ook niet,0
119934,Waarom?,0
119936, Moeilijk kut ,0
119938,Ja wtf,0
119939, Joo ,0
119940,De tijd zal wel weer de educatieve rol op zich nemen,0
119943,suv down,0
119944,Ja,0
119947, euries,0
119949,Iris! Wat een geweldige dag om jarig te zijn :). Er is een kans dat ik tot 9 uur moet werken. Anders kom ik. Of vier je het s middags?,1
119953, Was gisteren uit üòÇ ,0
119954,Of niet?,0
119955,"Ik ben vanavond tot heel laat in , ik ga vanavond al naar een voorstelling:)",0
119958,hee ik ben net klaar,0
119959, Had je mij gebeld? ,0
119960,Lachen maar vertel nog wel,0
119961,"Rustig aan, geen haast! ;p",0
119962,Ja vrijdag natuurlijk hahaüòÖ,0
119963,Welke trouwens? Ik weet de AH bij de  in de buurt te vinden,0
119964, ook gelukt,0
119965,Sorry liefje!,0
119966,Ja wtf,0
119968,"Okayy, oja wist ik, en dank u",0
119969,Ja,0
119970,Ik zie het,0
119971,Met jullie? Hoe staat het met jullie tuinhuisje?,0
119972,Laatmaar ik weet t al,0
119973,üòä,0
119977, Ja sorry we konden niet zoveel doen ,0
119978, Nee dat is het probleem niet. Heb een software update op mn computer gehad en nu heb ik kennelijk geen  meer. Dus dat moet ik even er op zetten en dan is't weer gefikst. ,0
119979,In ,0
119980,Chocolade,0
119981,En nope bij de bershka,0
119983,Óî≠ssssssss,0
119985,Moeilijke jongen,0
119986,En daar een persoonlijk leerdoel aan koppelen,0
119988,Was huub,0
119991,Ik ben onderweg naar sascha,0
119993, 9 uur,0
119997,Oehh nice,0
119998,Maar als er nog maar  teams zijn zijn alle leuke spelers weg,0
120000,Ja maar da willen we wel.. welke snoepjes bedoel je precies?,0
120001,Of een Engels ontbijt! ÓÑÖ,0
120002,Das n stomme vraag,0
120003,Nee ik denk dat ik het wel snap! Dankje!,0
120004, Zijn er nog meer? ,0
120005,"Hee, sorry ik kan morgen niet komen. Zelf heb ik de laatste tijd erg weinig geld en er is iets niet goed gegaan met loon van  waardoor we dit weekend echt geen geld hebben om naar  te komen. Normaal krijgt hij elke woensdag loon, maar deze week is er wat mis gegaan. Hij is er al achteraan gegaan maar ze kunnen er nu niets meer aan doen omdat het loon automatisch gaat. Hij krijgt zijn loon nu pas woensdag weer. Vind het echt heel jammer maar wij kunnen morgen niet langskomen. üòîsorry vind het echt heel erg jammer. We hebben geen geld voor de benzine of de trein.Wilde je wel weer graag zien. Zal ik anders binnenkort een keer doordeweeks naar je toekomen ?",1
120008,Ik hou wel van ijs,0
120009,Ik eet morgen ook thuis misschien meteen even voor twee dagen halen?,0
120011,Ik ga mn mondkapje wel vast zoeken :p,0
120012,Nah G,0
120016,Ben in ap!,0
120017,"Erg interessant, maar ik vind het niveau nog wel laag.. Mag wel wat meer diepgang",0
120018,Chef hoorde net van pj van buza,0
120022,Haha :p goedzo!,0
120025,Dus ik neem aan dat klopt,0
120026,O ja?,0
120027,Je gebruikte hem zelf de hele tijd hahahaha,0
120029,"Haha ik snap het wel, heb dit al vaker gezien",0
120030, Kak ,0
120031,"Aha :p nou ik blijf niet zo lang, ga half 9 ff bij me kamer kijken en dan thuis wel verder ",0
120034,hoe gaat het met jou?,0
120036,Haha hilarisch,0
120037,"M'n moeder zei trouwens ""Ooh ja dat is een bekend probleem als je meel te lang laat staan... Ze maken er ook van die draden in h√®?""üòß",0
120039,Dankjee üòö,0
120042,Dus precies genoeg:),0
120047, Als t me lukt ,0
120048,Hoofdpijn,0
120049,Mams/paps brengt je wel op en neer want anders komt je sporttas er niet haha,0
120050,Toch?,0
120052,Haha och meiske toch :(,0
120053, heeft net de toneelgroep gemaild en daarin gezet dat hij het leuk zou vinden met een groepje erheen te gaan ^^,0
120054,Hihi,0
120055,En we eten bami,0
120061, Genoeg slaapplekken ? ,0
120063,Gen idee nog waar ik die vandaan moet halen..,0
120065,Hee willy ik haal even biertjes,0
120068,In ,0
120070,Als we het nog  keer gecheckt hebben,0
120074,Da's fors. Van heel Heineken Zoeterwoude?,0
120076,"Ik ben even snel tjinta uitlaten, maar daarna ben ik er gewoon weer enzo",0
120081,JAA,0
120084,Dus dan ben ik al op de sportschool hihi,0
120087,Thx,0
120089,Oh oh,0
120090,Rij nu terug,1
120092, Pff ik trek het echt niet meer ,0
120093,Oh dat is niet erg!,0
120096, Niet chill ,0
120097,Niceeeeee!,0
120098, zelfde werkstuk inleveren,0
120099,Eek die zanger heeft echt een heel naar heel erg Amerikaans accent,0
